baseline_total_N,mean_total_N,drift_slope_N_per_s,fluctuation_std_N,frame_to_frame_rms_N,peak_total_N,asymmetry_back,asymmetry_middle,asymmetry_front,front_back_gradient_N,lag_front_to_middle_ms,corr_front_middle,lag_middle_to_back_ms,corr_middle_back,lag_front_to_back_ms,corr_front_back,version_num,trial,version,total_balls,ratio_10mm_13mm,n_10mm,n_13mm,packing_fraction,phi_after_compression,single_layer,ball_mass_kg,expected_total_N,obstacle_shape,obstacle_size_cm,obstacle_angle_deg,obstacle_position
18.90775,18.6639875,-0.015080327783468416,0.12558547688503627,0.17375614133813988,19.141,-0.007221009829199409,-0.0001756239341905287,0.001063487352828629,0.15983750000000096,,0.16913390144034543,,0.1299878799212861,,0.1610880221837232,1,1,V1,300,equal,150,150,0.396,0.421,yes,1.925,18.88,none,none,none,none
18.83,18.715354166666664,-0.012211347419226457,0.1254845174816226,0.17585749270527493,19.155,-0.017796103432986994,-0.000687613739991201,-0.0004694776945418827,0.18194583333333458,,0.09260858969492478,,0.1452577423475914,,0.07829430747361911,1,2,V1,300,equal,150,150,0.396,0.421,yes,1.925,18.88,none,none,none,none
18.917499999999997,18.67897083333333,-0.013419771176583085,0.12586613958000953,0.1799659079755742,19.153,0.0062638697549423465,-6.355386524563545e-05,0.0007566214278357416,0.17124166666666607,,0.11725267381158551,,0.16559279114756476,,0.09903513784575203,1,3,V1,300,equal,150,150,0.396,0.421,yes,1.925,18.88,none,none,none,none
18.8675,18.73145833333333,-0.011515776315560692,0.12774801287149445,0.17365164956743023,19.166,-0.004614415043101337,0.0006775370759635978,0.0010674073327788794,0.16578749999999953,,0.15241194402067584,,0.1559711409527052,,0.14141824697910194,1,4,V1,300,equal,150,150,0.396,0.421,yes,1.925,18.88,none,none,none,none
18.857125,18.732312499999995,-0.01108539037136034,0.1319898059510536,0.18759474036038096,19.146,0.022930777139302604,0.0007952031637344142,0.0001712417520196562,0.21481250000000074,,0.12219735627572116,,0.1448059942694751,,0.22071916814901912,1,5,V1,300,equal,150,150,0.396,0.421,yes,1.925,18.88,none,none,none,none
18.895125,18.674529166666666,-0.014432705428914398,0.1325765995968014,0.18469356051869046,19.097,-0.02277041523560615,-2.006856760522737e-06,-0.0004020813154991934,0.17594166666666755,,0.16846462456590722,,0.11979069962450933,,0.11571219493265326,1,6,V1,300,equal,150,150,0.396,0.421,yes,1.925,18.88,none,none,none,none
18.970374999999997,18.68166666666667,-0.016003257000989063,0.12447190349619165,0.1654791698327484,19.403,0.017058614960556127,0.0001639918151351323,-0.00014300730523489517,0.18827916666666678,,0.13467283740793765,,0.1396504363160912,,0.15939125316015698,1,7,V1,300,equal,150,150,0.396,0.421,yes,1.925,18.88,none,none,none,none
18.80475,18.677245833333334,-0.012255549575512911,0.13582928187774163,0.20326540351909989,19.134,-0.0059739040084481445,0.0019982654039092684,-0.0009784555171967622,0.18795416666666664,,0.14206380620236156,,0.14620336519660643,,0.09756039610900785,1,8,V1,300,equal,150,150,0.396,0.421,yes,1.925,18.88,none,none,none,none
18.863625,18.678870833333335,-0.01471089775864118,0.11376381587425012,0.16550747369642363,19.139,-0.005139329902551197,-0.0018656242011877264,-0.0010954379885846645,0.274845833333333,,0.14061832474895802,,0.12130320355679898,,0.14490833582732687,1,9,V1,300,equal,150,150,0.396,0.421,yes,1.925,18.88,none,none,none,none
18.847250000000003,18.692487500000002,-0.015979787843538516,0.14030479632251858,0.19739173718256228,19.184,0.01597441054411518,-0.00019464192908215822,-0.0010728793498404612,0.18200000000000038,,0.13792207552757382,,0.17908402648023258,,0.11830235340795009,1,10,V1,300,equal,150,150,0.396,0.421,yes,1.925,18.88,none,none,none,none
22.386375,22.067983333333338,-0.023754641573637925,0.1575517949029396,0.2358160583783924,22.653,-0.007410889060211619,0.0005216247476923502,-0.0009423932089523334,0.1808583333333349,,0.1482429860308447,,0.13761710618175627,,0.1299714771933913,2,1,V2,300,1:3,75,225,0.447,0.475,yes,2.285,22.41,none,none,none,none
22.371375,22.213224999999998,-0.015687557075643906,0.1594724468109458,0.23384496705990235,22.903,0.004704542627857289,0.00020658609996404887,-0.0010971745950526558,0.20469583333333397,,0.16168244183665018,,0.17154114764533077,,0.14899810401375854,2,2,V2,300,1:3,75,225,0.447,0.475,yes,2.285,22.41,none,none,none,none
22.289250000000003,22.2135,-0.014265706001840047,0.15624477295034211,0.22401992962746173,22.826,0.007953766664424025,-0.0012262840105284724,-0.00039712492661524287,0.1939791666666668,,0.10952202793878557,,0.14020621276009207,,0.17073788606211676,2,3,V2,300,1:3,75,225,0.447,0.475,yes,2.285,22.41,none,none,none,none
22.451999999999998,22.158908333333333,-0.020627135887775268,0.16667242969179777,0.22955775200649656,22.841,0.0011441360461030203,0.00024318311462840988,-8.870179071630453e-05,0.16347916666666595,,0.1655045161568435,,0.17893594406910004,,0.18005107300543177,2,4,V2,300,1:3,75,225,0.447,0.475,yes,2.285,22.41,none,none,none,none
22.392,22.164783333333332,-0.016914001979200354,0.156647638045711,0.2283215544305296,22.672,0.006945011008296045,-0.0006813825748816512,-0.00016444498701986905,0.17143333333333377,,0.20397113089962438,,0.1905002166608242,,0.13238646786558467,2,5,V2,300,1:3,75,225,0.447,0.475,yes,2.285,22.41,none,none,none,none
22.428,22.252008333333333,-0.013285022309414786,0.15342129384634215,0.2284834850243454,22.744,-0.004068205817795726,0.0005085176709891009,0.00015971003755402318,0.1823749999999995,,0.1145847621127872,,0.1833468258835906,,0.15141655691343137,2,6,V2,300,1:3,75,225,0.447,0.475,yes,2.285,22.41,none,none,none,none
22.37975,22.15675,-0.021198395805483147,0.15220958280825164,0.20642951931231793,22.775,0.006861920481207963,-0.0002515672186480072,-0.0004276613836268112,0.1759000000000004,,0.17180875867539408,,0.12659535120674134,,0.17554181047306353,2,7,V2,300,1:3,75,225,0.447,0.475,yes,2.285,22.41,none,none,none,none
22.369,22.154549999999997,-0.02068582440667322,0.14911107653473984,0.20969436814915368,22.77,-0.006544107191093761,9.588306327228271e-06,-0.00010596422424713848,0.17507083333333373,,0.15550324939982285,,0.1230219794960006,,0.11405972056584752,2,8,V2,300,1:3,75,225,0.447,0.475,yes,2.285,22.41,none,none,none,none
22.417875,22.140383333333332,-0.021652466188648654,0.15331294228875514,0.22025569013684282,22.802,0.00350962244832034,0.00042701394121444234,-0.0002168257930165989,0.18698333333333395,,0.19864079091354536,,0.14036464124928485,,0.14555285287029127,2,9,V2,300,1:3,75,225,0.447,0.475,yes,2.285,22.41,none,none,none,none
22.3925,22.128970833333334,-0.020429392871403728,0.16247948005270416,0.2417879011061946,22.687,0.027114714250073762,0.0003508012787016953,-0.0006056523087287698,0.189566666666666,,0.13543766365145335,,0.11717370001574864,,0.12305456093352692,2,10,V2,300,1:3,75,225,0.447,0.475,yes,2.285,22.41,none,none,none,none
15.334624999999999,15.185379166666667,-0.012107699786454186,0.10533690420633794,0.14704257488377953,15.576,-0.010528988757662772,0.000505053828538359,-9.580970568572698e-05,0.1434875,,0.1437532122057588,,0.1377808383810304,,0.12486307874063003,3,1,V3,300,3:1,225,75,0.345,0.367,yes,1.565,15.34,none,none,none,none
15.292125,15.158370833333333,-0.01278257261410746,0.10919772069279168,0.15263154694013606,15.509,0.015634813573978796,0.0005880087450837834,-0.000934364359814027,0.14160000000000128,,0.1730638551773912,,0.16449244505468533,,0.0859276698138032,3,2,V3,300,3:1,225,75,0.345,0.367,yes,1.565,15.34,none,none,none,none
15.329375,15.1752625,-0.013201913227659937,0.10362053562183074,0.15455874565271482,15.601,0.00772575653255077,-0.0005125078276920542,-0.0002638743081417951,0.14529583333333385,,0.12435976897101553,,0.19268161042756327,,0.16600642157009698,3,3,V3,300,3:1,225,75,0.345,0.367,yes,1.565,15.34,none,none,none,none
15.259125,15.141816666666667,-0.01598618031563022,0.1165261504213905,0.1664927404903387,15.687,-0.00701312743639237,0.00011311124449611825,0.000404743891583997,0.13764583333333302,,0.1440643103267932,,0.25077345620319647,,0.15227350246415763,3,4,V3,300,3:1,225,75,0.345,0.367,yes,1.565,15.34,none,none,none,none
15.35625,15.137575,-0.015253709265785982,0.10970049617343168,0.15613294946278897,15.566,0.01337282234639863,-0.0006241449008188425,0.0014697817264451409,0.15927916666666775,,0.15681641614823116,,0.08978417533390733,,0.15425663635330897,3,5,V3,300,3:1,225,75,0.345,0.367,yes,1.565,15.34,none,none,none,none
15.326625,15.174316666666666,-0.015200152780430569,0.11260037249999787,0.16931247881113645,15.619,-0.005551910741522331,-0.000573047973007445,0.0003940676967677565,0.14261666666666617,,0.1230519744201207,,0.18554291436533768,,0.13987789912716717,3,6,V3,300,3:1,225,75,0.345,0.367,yes,1.565,15.34,none,none,none,none
15.376249999999999,15.1863625,-0.012932665497665459,0.10803106547006067,0.1492565817532102,15.572,0.005903539030809805,-0.00048007918424414355,-0.0002471751126268444,0.15642500000000048,,0.13827622867109152,,0.17185618315842024,,0.08835354046885975,3,7,V3,300,3:1,225,75,0.345,0.367,yes,1.565,15.34,none,none,none,none
15.381125,15.194895833333332,-0.013031889442525056,0.1033449906823685,0.15258931125065667,15.608,0.002042526928578171,2.222622843133343e-05,-9.002513404405707e-05,0.14160000000000128,,0.13761316573221197,,0.0929145306788745,,0.133413945488831,3,8,V3,300,3:1,225,75,0.345,0.367,yes,1.565,15.34,none,none,none,none
15.3295,15.231466666666666,-0.009360308338686328,0.10262761189575259,0.14774586628459044,15.639,0.014089023887699883,8.122030638932175e-05,0.00039821153548258827,0.12242083333333209,,0.10438479642181873,,0.13514558950155028,,0.17120248360930523,3,9,V3,300,3:1,225,75,0.345,0.367,yes,1.565,15.34,none,none,none,none
15.324625000000001,15.207024999999998,-0.011425351134567859,0.1024707065755138,0.1400189616567376,15.672,0.019757283129986734,0.0012951345345651242,-0.0016663947513030864,0.12990833333333285,,0.11567752152303544,,0.17565784951761057,,0.23218385948484332,3,10,V3,300,3:1,225,75,0.345,0.367,yes,1.565,15.34,none,none,none,none
25.158125,24.961295833333335,-0.01423779926734879,0.1863448264268962,0.2847680330303653,25.825,0.015955214511728013,-0.0003405418020070891,-0.00011946916520420736,0.37851249999999936,,0.14119681075221419,,0.10163575860699425,,0.08642620116988307,4,1,V4,400,equal,200,200,0.528,0.562,yes,2.567,25.17,none,none,none,none
25.187125,24.838116666666668,-0.02530186287956338,0.16600419193682617,0.22658076967890406,25.416,-0.013526011620192966,-0.0005340103168176255,-0.0013390452804069746,0.3679208333333346,,0.11846556808372434,,0.13535095751172038,,0.10395024359031796,4,2,V4,400,equal,200,200,0.528,0.562,yes,2.567,25.17,none,none,none,none
25.188,24.8301875,-0.025876612441188197,0.16290752139434309,0.24540887238311387,25.546,0.015232448825959604,0.0004978982658052712,-4.143094595728538e-05,0.3502208333333332,,0.12775117151434717,,0.15015143448775561,,0.16389731109073036,4,3,V4,400,equal,200,200,0.528,0.562,yes,2.567,25.17,none,none,none,none
25.171875,24.841933333333333,-0.027591201236133206,0.19549383930861164,0.2726649667640096,25.576,-0.005946458209641608,-0.00035688308681212564,-0.0002643053420686598,0.366929166666667,,0.1719445918875022,,0.17075462457935944,,0.20406865492960766,4,4,V4,400,equal,200,200,0.528,0.562,yes,2.567,25.17,none,none,none,none
25.343875,24.988370833333338,-0.016462268442160248,0.18646386607715054,0.2577877642184616,25.52,-0.012364627938589121,0.0017898274137894685,0.0001220907227231196,0.33201250000000115,,0.1482867204055908,,0.15649339713737676,,0.0760740368208909,4,5,V4,400,equal,200,200,0.528,0.562,yes,2.567,25.17,none,none,none,none
25.220875,24.949466666666662,-0.018243344502508495,0.1805663844222105,0.2692762809479727,25.587,-0.013444642642350563,-0.0006521719529995151,-0.0001035455264161176,0.3501499999999993,,0.13536606195144366,,0.16976085317147807,,0.17031322205997004,4,6,V4,400,equal,200,200,0.528,0.562,yes,2.567,25.17,none,none,none,none
25.18025,24.909279166666668,-0.021969412663413502,0.18340666854007834,0.24310647322145862,25.506,0.005189602305120212,0.0010492379483085647,-0.0002154676310193279,0.37691249999999776,,0.11160028735542393,,0.1715648139294561,,0.09288372791273969,4,7,V4,400,equal,200,200,0.528,0.562,yes,2.567,25.17,none,none,none,none
25.17275,24.81948333333333,-0.024702053855101557,0.18706186871237604,0.26603552315732204,25.526,0.004519552986353871,-0.00032736356493888284,-0.0006675060612903592,0.35740000000000016,,0.1567612413437608,,0.19599105901337774,,0.18181631925925335,4,8,V4,400,equal,200,200,0.528,0.562,yes,2.567,25.17,none,none,none,none
25.229374999999997,24.830083333333334,-0.027248591121373827,0.16554110056523472,0.24181231699960942,25.56,-0.0018663493838700803,0.000847230802977611,0.00028335765900846876,0.21506666666666696,,0.12846405465966726,,0.11947037110822364,,0.17564403817113772,4,9,V4,400,equal,200,200,0.528,0.562,yes,2.567,25.17,none,none,none,none
25.18125,24.944983333333333,-0.019743308043541234,0.17901438396856797,0.24067704363013923,25.625,0.011496441821308356,0.0002606390870414236,-0.0001545395628640017,0.35385833333333316,,0.20516291777141862,,0.24245864568480138,,0.1498582842140201,4,10,V4,400,equal,200,200,0.528,0.562,yes,2.567,25.17,none,none,none,none
29.93375,29.609225,-0.01858764909112932,0.2141521581506415,0.31506094914101956,30.296,-0.030957599185462654,-0.0003976509047191915,0.0003017249574484868,0.4230916666666662,,0.15489930482017286,,0.13187572733718883,,0.20083942135336746,5,1,V5,400,1:3,100,300,0.596,0.634,yes,3.047,29.88,none,none,none,none
29.927124999999997,29.61537916666667,-0.02229448080695863,0.1871957985852313,0.26133079119533215,30.314,0.010873338378873214,1.4757515053759968e-05,0.0002888532608786204,0.2882916666666695,,0.17514614204026957,,0.15243355668729594,,0.1252327289468215,5,2,V5,400,1:3,100,300,0.596,0.634,yes,3.047,29.88,none,none,none,none
29.885125000000002,29.530016666666665,-0.025190840118752056,0.2178326629653475,0.3058025246796019,30.379,-0.0021171416488167624,0.00032828135404202956,-0.0005695583014691716,0.23235000000000028,,0.20437793823650752,,0.16944045759926926,,0.21647134421905578,5,3,V5,400,1:3,100,300,0.596,0.634,yes,3.047,29.88,none,none,none,none
29.74625,29.573683333333335,-0.020333186340040773,0.21222386697733753,0.3121656102148934,30.348,-0.016270438633699185,-0.000244764719384995,-0.0002612879744086702,0.2479208333333336,,0.163461057696813,,0.11013269613096469,,0.19866859327822214,5,4,V5,400,1:3,100,300,0.596,0.634,yes,3.047,29.88,none,none,none,none
29.790374999999997,29.555195833333332,-0.02652154030452004,0.20817732629127725,0.29351373699970384,30.323,-0.026982711306256863,-0.0009558021844732011,0.0010652675624149204,0.26842083333333555,,0.17069026507844814,,0.11593553738240361,,0.16791329455290477,5,5,V5,400,1:3,100,300,0.596,0.634,yes,3.047,29.88,none,none,none,none
29.95775,29.599795833333335,-0.025107612979391947,0.21575686414333997,0.29325517612884483,30.433,-0.02055854218992136,0.0004860524894460112,0.00033336545991711835,0.2401833333333343,,0.20013557415414493,,0.107125059843907,,0.14473690076726514,5,6,V5,400,1:3,100,300,0.596,0.634,yes,3.047,29.88,none,none,none,none
29.832124999999998,29.51609583333333,-0.029445285508427753,0.2114902543556804,0.31807289104344705,30.337,-0.0008876324215993034,0.0010343685338746868,-3.6448507684939025e-05,0.22398333333333298,,0.12531565714543452,,0.16169960338717784,,0.09188864567735305,5,7,V5,400,1:3,100,300,0.596,0.634,yes,3.047,29.88,none,none,none,none
29.988999999999997,29.48410416666667,-0.030571228667164396,0.21589322262771612,0.30391720822629814,30.488,0.007096250168053247,-0.0007459981980883841,0.00014081449450533025,0.24161250000000045,,0.1132124363674135,,0.1558577248791728,,0.11969530292805577,5,8,V5,400,1:3,100,300,0.596,0.634,yes,3.047,29.88,none,none,none,none
29.868624999999998,29.671258333333338,-0.01582499001718786,0.21099913783405244,0.3075004167089056,30.835,0.020593577837847214,-0.00039582513961243526,-0.00046029967296688903,0.26497499999999974,,0.12738566431645626,,0.14971780863011566,,0.10062243870223135,5,9,V5,400,1:3,100,300,0.596,0.634,yes,3.047,29.88,none,none,none,none
29.879125000000002,29.52788333333333,-0.02943048316811014,0.22873176880992468,0.3446109503671796,30.327,-0.006189004658897532,0.0009173612522871693,-6.269849297896574e-05,0.24680000000000035,,0.11412339775132552,,0.17145884313951248,,0.14170553832132804,5,10,V5,400,1:3,100,300,0.596,0.634,yes,3.047,29.88,none,none,none,none
20.440250000000002,20.31440416666667,-0.011429243563256987,0.14258564188545186,0.2096077428382372,20.986,-0.005038636219977657,-0.00012804932854131935,-0.0008843294641398548,0.23073750000000004,,0.16562868890548407,,0.1444480311108661,,0.15379008899184987,6,1,V6,400,3:1,300,100,0.46,0.49,yes,2.086,20.46,none,none,none,none
20.4395,20.272170833333334,-0.01327549089393844,0.13613362335500562,0.18947297529780022,20.755,0.01346345329551125,-0.00016822930948948668,-0.00014201614371547462,0.2202666666666664,,0.13379659750317457,,0.14909798431502955,,0.1907626178338244,6,2,V6,400,3:1,300,100,0.46,0.49,yes,2.086,20.46,none,none,none,none
20.537125000000003,20.318500000000004,-0.011417691279362627,0.13796380267925987,0.19049990390843072,20.757,-0.012745888332127763,-0.0003365215727554347,0.0004813822253387759,0.25129583333333283,,0.19949474903668862,,0.12414740675699845,,0.1867772613971712,6,3,V6,400,3:1,300,100,0.46,0.49,yes,2.086,20.46,none,none,none,none
20.471,20.240150000000003,-0.017328189725515336,0.14807232985144012,0.21371362765240662,20.771,0.011643315319526714,-0.0003626046503582345,0.0007843441984027492,0.2319958333333334,,0.1343747936958914,,0.12125193921020568,,0.18497093225241004,6,4,V6,400,3:1,300,100,0.46,0.49,yes,2.086,20.46,none,none,none,none
20.406875,20.269375,-0.015868483827844233,0.14450624147912344,0.2061701170267207,21.026,-0.023045156684898885,0.00027830864861105273,0.0014898442888088264,0.208987500000001,,0.1680443824542229,,0.13832980116794416,,0.09965132942494509,6,5,V6,400,3:1,300,100,0.46,0.49,yes,2.086,20.46,none,none,none,none
20.432625,20.23827083333333,-0.017331096025972253,0.14637169082766008,0.2087244384670589,20.909,0.012923871928630573,0.0011516798107937749,0.0005324778068472415,0.23787916666666664,,0.1691391660171584,,0.12714290425564398,,0.18685815305095818,6,6,V6,400,3:1,300,100,0.46,0.49,yes,2.086,20.46,none,none,none,none
20.39675,20.198804166666665,-0.020626479626382577,0.15279009072200722,0.21621041974589134,20.783,0.01699039951655233,0.0002079413803346637,0.00037561571098083994,0.200312499999999,,0.10359454904246931,,0.1735461018375316,,0.15811801652776894,6,7,V6,400,3:1,300,100,0.46,0.49,yes,2.086,20.46,none,none,none,none
20.366,20.181129166666665,-0.019619531589089793,0.15280735324337633,0.21197110405424338,20.698,-0.0018537968833039868,-0.0002902351647440443,0.00021348649057487728,0.2139833333333323,,0.25783038048278295,,0.13261229027151944,,0.11695152844782497,6,8,V6,400,3:1,300,100,0.46,0.49,yes,2.086,20.46,none,none,none,none
20.533,20.32975,-0.011395413114810472,0.14933175676430552,0.2084315104792686,20.749,-0.006221801889371223,-0.0005389285216090776,0.00030972038056894803,0.22654583333333456,,0.13370594913500355,,0.11366661660590605,,0.14833964183944065,6,9,V6,400,3:1,300,100,0.46,0.49,yes,2.086,20.46,none,none,none,none
20.506750000000004,20.19755,-0.0198591294987748,0.15172596192416732,0.22091467331761652,20.738,-0.003923283335149993,0.00045626340699387127,-0.0002650575162652212,0.24056249999999935,,0.13789148593725178,,0.11677338635038244,,0.124431534595393,6,10,V6,400,3:1,300,100,0.46,0.49,yes,2.086,20.46,none,none,none,none
31.44925,31.220579166666667,-0.019839535408601273,0.21423371703924368,0.2814700947275596,32.02,0.0015498971742962798,0.0002760681010722036,-0.00046061155988899756,0.8525083333333345,,0.11468809873850694,,0.10436213236952865,,0.1541365813760115,7,1,V7,500,equal,250,250,0.66,0.702,yes,3.208,31.46,none,none,none,none
31.458375000000004,31.123904166666666,-0.027917849268216357,0.24277910759725882,0.3389998889176697,32.128,0.02593270798185928,0.0016728174796164046,0.0012123408200357933,0.8607958333333325,,0.17087647364802613,,0.16667215137861707,,0.12384340173880966,7,2,V7,500,equal,250,250,0.66,0.702,yes,3.208,31.46,none,none,none,none
31.412375,31.215383333333328,-0.02088525842462495,0.22519358980685414,0.3163011448381771,32.142,0.014568700785845028,-0.00033071086821617746,0.001370433448301547,0.784416666666667,,0.11448907313568638,,0.12086795343251043,,0.12397912327079448,7,3,V7,500,equal,250,250,0.66,0.702,yes,3.208,31.46,none,none,none,none
31.394750000000002,31.180529166666663,-0.018913963784094035,0.22549498442776278,0.3303570972682154,31.832,0.002895785893612154,8.186116987635386e-05,-0.0017661500128248314,0.8082791666666669,,0.11308128536062045,,0.122124726364273,,0.11608089771107304,7,4,V7,500,equal,250,250,0.66,0.702,yes,3.208,31.46,none,none,none,none
31.509500000000003,31.193249999999995,-0.023282536155142062,0.22493196732775786,0.31630759352859267,32.177,0.010345712732617083,0.0004182223025965035,-0.0010516367846675103,0.9339124999999981,,0.12933477992503645,,0.1530157754751924,,0.12309336322532279,7,5,V7,500,equal,250,250,0.66,0.702,yes,3.208,31.46,none,none,none,none
31.386375,31.236529166666667,-0.016093755099914134,0.23003678671611896,0.32827328777169046,31.797,-0.0009625218826275773,-0.0003736990974868409,0.00010944032219217627,0.8898499999999991,,0.1351394470601529,,0.14465401975166126,,0.13783211450036523,7,6,V7,500,equal,250,250,0.66,0.702,yes,3.208,31.46,none,none,none,none
31.459375,31.09480416666667,-0.025156981892045956,0.22800056913648464,0.31372440801458285,31.863,-0.0018580134041492908,0.002144536017387872,0.0016322517887703504,0.9495249999999995,,0.12804415685471443,,0.17786280306431596,,0.21756361860542073,7,7,V7,500,equal,250,250,0.66,0.702,yes,3.208,31.46,none,none,none,none
31.608999999999998,31.097316666666664,-0.029397322870187915,0.21718451584836346,0.30374336089650233,31.886,0.01183823844191563,0.00027008365358874704,-3.008539624019121e-05,0.8750083333333354,,0.124095469140448,,0.1517474932386381,,0.05440908350659982,7,8,V7,500,equal,250,250,0.66,0.702,yes,3.208,31.46,none,none,none,none
31.436125,31.075104166666666,-0.028616180836472115,0.2158494054086545,0.3108972438512599,31.789,0.000950782154447188,-0.00031456989606310577,0.0005706916744403014,0.8211458333333344,,0.13488767154298892,,0.15018052813069613,,0.1160241481703968,7,9,V7,500,equal,250,250,0.66,0.702,yes,3.208,31.46,none,none,none,none
31.48375,31.234079166666668,-0.017189781072588027,0.2265289856010832,0.31714301249841387,31.965,-0.008306012842819548,-0.00011167151443788436,0.00013580072609147215,0.8375583333333338,,0.17497424059896582,,0.15930839506800248,,0.11949383277647928,7,10,V7,500,equal,250,250,0.66,0.702,yes,3.208,31.46,none,none,none,none
37.262125,36.96051666666667,-0.03279445823712111,0.24278099854037263,0.3172531557818717,37.839,-0.02090072695048238,-0.0001401766632264722,-0.0011108043122522813,0.3647916666666653,,0.12003384594427738,,0.16418231966710922,,0.13983964546947458,8,1,V8,500,1:3,125,375,0.745,0.792,yes,3.809,37.35,none,none,none,none
37.383250000000004,36.796304166666665,-0.03723881664612297,0.24774063869908997,0.3456678999721116,37.727,0.00510333890167911,0.0012126014054489168,0.0012099134672830664,0.3933,,0.1253295853595932,,0.12354668196317048,,0.1152135982481172,8,2,V8,500,1:3,125,375,0.745,0.792,yes,3.809,37.35,none,none,none,none
37.402,37.099408333333336,-0.021030267886595056,0.25264432492892697,0.36133364083627756,37.93,-0.001827884732118306,0.0006574218957865043,-0.0004328128617499999,0.3599749999999968,,0.15893632868708477,,0.1423166896166928,,0.11170470038482722,8,3,V8,500,1:3,125,375,0.745,0.792,yes,3.809,37.35,none,none,none,none
37.288125,36.9562875,-0.029125154950606302,0.27569952342620685,0.38461468519408565,38.179,-0.013117154330193115,-0.0005517762430762107,-0.00028375604982239835,0.36722499999999947,,0.12768116947222713,,0.12216957093291815,,0.13692370861130773,8,4,V8,500,1:3,125,375,0.745,0.792,yes,3.809,37.35,none,none,none,none
37.195375,36.921954166666666,-0.03658081911144372,0.27687663307367516,0.3642603958478927,37.899,0.0020469998872706245,-0.00038840790347434434,0.0008277295398730525,0.3705833333333324,,0.17902317223217581,,0.167500276356645,,0.12934123176941484,8,5,V8,500,1:3,125,375,0.745,0.792,yes,3.809,37.35,none,none,none,none
37.209,36.879466666666666,-0.03285836906890686,0.26627513660161645,0.3915406699620223,37.82,0.013708404491165905,-8.778687921706924e-05,0.0006055320850176644,0.3640708333333329,,0.15069019888431626,,0.12515110451808667,,0.10717994319157843,8,6,V8,500,1:3,125,375,0.745,0.792,yes,3.809,37.35,none,none,none,none
37.440749999999994,36.91701249999999,-0.03621303494852328,0.26406634714495525,0.3812909419679129,37.895,0.0035597479946293414,0.00036831240474828267,-0.00034151082389407417,0.4027875000000023,,0.10089624409174991,,0.12010142507660966,,0.1335677157177023,8,7,V8,500,1:3,125,375,0.745,0.792,yes,3.809,37.35,none,none,none,none
37.382999999999996,36.90515416666667,-0.0347258216288476,0.2703945554940613,0.38076670066423657,37.953,-0.001683410188656079,0.0019670630360754484,-0.00015919097610769077,0.371695833333332,,0.13836357836324373,,0.15393461285588592,,0.19378019912956745,8,8,V8,500,1:3,125,375,0.745,0.792,yes,3.809,37.35,none,none,none,none
37.328625,37.006129166666675,-0.026593659612146506,0.2949047362760882,0.4112398031954319,38.088,0.010871156511542841,0.0002303876593288147,0.000824291204636104,0.3092124999999992,,0.11284950959310833,,0.17586154171003804,,0.17668267854956296,8,9,V8,500,1:3,125,375,0.745,0.792,yes,3.809,37.35,none,none,none,none
37.216375,37.03060416666667,-0.026785440719455936,0.27049242580578725,0.37435900027629365,37.917,-0.01772386650090316,0.0008991373141986021,0.0003880208117237509,0.4206041666666689,,0.15727353081090006,,0.14137499160485226,,0.10596890149545683,8,10,V8,500,1:3,125,375,0.745,0.792,yes,3.809,37.35,none,none,none,none
25.562625,25.322816666666668,-0.020147551172763078,0.18861537203020634,0.2517524104167179,25.969,-0.007039758445143079,0.0003059084814731999,0.0007370348006938562,0.4978541666666647,,0.1800615986135529,,0.10897470127071168,,0.14256265751405792,9,1,V9,500,3:1,375,125,0.576,0.612,yes,2.608,25.57,none,none,none,none
25.516750000000002,25.288991666666668,-0.020943988610912706,0.17995100260037217,0.2340641742277185,25.896,0.0024753655959703653,0.00019069356137517925,0.0009505675929720835,0.4330500000000015,,0.1351343616352743,,0.1505067110238895,,0.16062583113086368,9,2,V9,500,3:1,375,125,0.576,0.612,yes,2.608,25.57,none,none,none,none
25.691000000000003,25.326095833333333,-0.021228427576867936,0.18413413532211617,0.2544901046978475,26.109,0.016685208037215807,-0.00043642079653703514,-0.000271436766783823,0.4290375000000015,,0.13638713394122506,,0.19522386659798402,,0.08338061988417425,9,3,V9,500,3:1,375,125,0.576,0.612,yes,2.608,25.57,none,none,none,none
25.633,25.394575,-0.01303792774179986,0.17209689246062293,0.24192625696176817,26.028,-0.0026909391908384057,0.001029228718039524,-0.0008741170625635132,0.43492500000000156,,0.1531370483175997,,0.1421652492351942,,0.12157759494788264,9,4,V9,500,3:1,375,125,0.576,0.612,yes,2.608,25.57,none,none,none,none
25.542749999999998,25.268170833333336,-0.017652546051146904,0.17507401407596798,0.2622294740701925,25.884,0.008339716202833471,0.0008550041465229383,0.0005139420606048277,0.4959291666666683,,0.1074651146052176,,0.16137900644263847,,0.15220491780123438,9,5,V9,500,3:1,375,125,0.576,0.612,yes,2.608,25.57,none,none,none,none
25.570999999999998,25.258866666666666,-0.02158878452750838,0.18087910637137605,0.26239444580304006,25.944,0.00584215554237081,-0.0016372800956631062,0.000336901078806504,0.4495083333333323,,0.1619132760966636,,0.10929330700205914,,0.1338751781927769,9,6,V9,500,3:1,375,125,0.576,0.612,yes,2.608,25.57,none,none,none,none
25.558249999999997,25.3635,-0.014798020798972095,0.16952400124430467,0.2416723896787847,25.824,0.007853433314974798,-0.0009273887158178445,0.0011719054931190547,0.2792500000000011,,0.11805033307261929,,0.16607001726353346,,0.11867030657996247,9,7,V9,500,3:1,375,125,0.576,0.612,yes,2.608,25.57,none,none,none,none
25.621375,25.31747083333333,-0.019202531293945516,0.18476385018564073,0.2645033476546226,26.082,0.008545749226462403,0.0006467247516731014,-0.0005134559037352407,0.4820333333333302,,0.16561995762548473,,0.15116971574721327,,0.10183678726927231,9,8,V9,500,3:1,375,125,0.576,0.612,yes,2.608,25.57,none,none,none,none
25.52375,25.264533333333336,-0.02340242018090629,0.18856707488543917,0.26783500510231856,25.906,-0.00018917330252474443,0.0012663207666214428,-0.0011724167236457457,0.4133291666666654,,0.19278229271925207,,0.16308557409637603,,0.16320285853538796,9,9,V9,500,3:1,375,125,0.576,0.612,yes,2.608,25.57,none,none,none,none
25.59,25.3144,-0.01675790204691073,0.18112737576399163,0.2520191182891957,25.963,-0.00978868491632084,0.00031100237546577485,-0.0005770002234014224,0.47150833333333253,,0.08223545534363962,,0.10749239761357188,,0.13057563990966223,9,10,V9,500,3:1,375,125,0.576,0.612,yes,2.608,25.57,none,none,none,none
37.749624999999995,37.50365416666667,-0.019461091338391707,0.25842940106834406,0.3705810771316222,38.269,-0.00821562904480452,-0.00014124604327866037,0.0003814514954475161,1.4381874999999997,,0.1359749062325093,,0.15437683531355906,,0.05887176106377366,10,1,V10,600,equal,300,300,0.792,0.843,NO_partial_2nd_layer,3.85,37.76,none,none,none,none
37.822,37.44112083333333,-0.027759318738171796,0.2622103983403989,0.35917848501882527,38.425,0.0006763635644782243,-0.0005101422893277581,0.001247833402516599,1.346141666666668,,0.15029092247819048,,0.16617517080785432,,0.16354395652236325,10,2,V10,600,equal,300,300,0.792,0.843,NO_partial_2nd_layer,3.85,37.76,none,none,none,none
37.6875,37.412524999999995,-0.026324429243563284,0.2694796378739231,0.37349957570845155,38.293,0.01758028970166215,-0.0004098530269716215,-0.0002333379370278501,1.499674999999998,,0.1305359575680048,,0.13956379848643358,,0.04487300382505732,10,3,V10,600,equal,300,300,0.792,0.843,NO_partial_2nd_layer,3.85,37.76,none,none,none,none
37.896875,37.425291666666666,-0.027753474886716915,0.26712100612330797,0.3682699687382572,38.444,-0.008727233725169774,0.000919185749616998,-0.0015268464148617713,1.3218666666666667,,0.17040399047094096,,0.10475739529168884,,0.16051614239667944,10,4,V10,600,equal,300,300,0.792,0.843,NO_partial_2nd_layer,3.85,37.76,none,none,none,none
37.86237500000001,37.329325000000004,-0.035228611607839376,0.2622092287581137,0.36683641880134504,38.362,0.013496795709432236,-0.0006596398835016261,-0.0005183225106579125,1.417133333333334,,0.15444457416588872,,0.14243736969642365,,0.07893462339434104,10,5,V10,600,equal,300,300,0.792,0.843,NO_partial_2nd_layer,3.85,37.76,none,none,none,none
37.6075,37.329766666666664,-0.029991854025242775,0.24426690054912115,0.3334702159672412,38.167,-0.011246266104573658,0.00026957833594814205,-0.0003458651163844892,1.5679041666666684,,0.11315293283957363,,0.18277317529967632,,0.12519834679035022,10,6,V10,600,equal,300,300,0.792,0.843,NO_partial_2nd_layer,3.85,37.76,none,none,none,none
37.739125,37.4485125,-0.025256844736887413,0.2612438643591761,0.36450062130107563,38.309,0.005431760651052136,0.0020300039932316,-0.0001369359454315105,1.2597458333333336,,0.11385898805885376,,0.20559871964799112,,0.12918051226289795,10,7,V10,600,equal,300,300,0.792,0.843,NO_partial_2nd_layer,3.85,37.76,none,none,none,none
37.714875,37.44085833333334,-0.026146940051041342,0.2567062872173976,0.3728551156126114,38.615,-0.005087835762481653,0.0002809548992220436,-6.853020397695693e-05,1.418879166666665,,0.13919563971962798,,0.1563759645767486,,0.09552581623647491,10,8,V10,600,equal,300,300,0.792,0.843,NO_partial_2nd_layer,3.85,37.76,none,none,none,none
37.669624999999996,37.31194583333334,-0.03626292470355383,0.2525864578733468,0.32321156458451716,38.205,0.002752314802456644,0.0004068720181555491,0.0002313997787298862,1.4558333333333309,,0.11008877232070051,,0.21387715087350256,,0.06044387389585723,10,9,V10,600,equal,300,300,0.792,0.843,NO_partial_2nd_layer,3.85,37.76,none,none,none,none
37.72425,37.30679166666667,-0.0368393479053462,0.2833615602251783,0.4021343579464508,38.393,-1.7363430418580747e-05,0.0011057392493848124,-0.0005884432041161562,1.3623499999999993,,0.17324119807801258,,0.16395262716264722,,0.09388255643518752,10,10,V10,600,equal,300,300,0.792,0.843,NO_partial_2nd_layer,3.85,37.76,none,none,none,none
44.732124999999996,44.410312499999996,-0.03116244726470954,0.3098987797060919,0.43473821295985837,45.436,-0.006538997652159787,0.0003359738514421518,-0.0011331028455190124,0.5652874999999984,,0.11182126185957061,,0.1567552777533633,,0.10894114625995337,11,1,V11,600,1:3,150,450,0.894,0.951,NO_partial_2nd_layer,4.571,44.82,none,none,none,none
44.825125,44.420700000000004,-0.035108033125574756,0.3230968879475583,0.48859217106236114,45.433,7.3691608360992e-05,0.0004635102538267958,8.640921138755953e-05,0.5616333333333348,,0.13640093964991448,,0.13444780665726633,,0.11631066811989685,11,2,V11,600,1:3,150,450,0.894,0.951,NO_partial_2nd_layer,4.571,44.82,none,none,none,none
44.68,44.42595416666667,-0.025651608534869128,0.31867603556701296,0.4528486959488722,45.898,-0.02966772038488909,0.00014770329811616368,0.00040996287128719397,0.5494749999999975,,0.16768928759642884,,0.14821112862516078,,0.15977534929171142,11,3,V11,600,1:3,150,450,0.894,0.951,NO_partial_2nd_layer,4.571,44.82,none,none,none,none
44.656625,44.219116666666665,-0.0447754231844295,0.31459132127495004,0.45087587006758895,45.199,0.0039214760684612325,0.00030314185484958363,-3.195519381658127e-05,0.5191125000000003,,0.14382087880503053,,0.15870992172854181,,0.09951440824880874,11,4,V11,600,1:3,150,450,0.894,0.951,NO_partial_2nd_layer,4.571,44.82,none,none,none,none
44.837875,44.44935833333333,-0.02895574575947431,0.35225253352273717,0.5129039483675729,45.622,0.012197094771575488,0.0003748335674286014,0.00017571458875201626,0.5783041666666655,,0.16887106868281151,,0.14605674525784745,,0.20947607437508922,11,5,V11,600,1:3,150,450,0.894,0.951,NO_partial_2nd_layer,4.571,44.82,none,none,none,none
44.95675,44.4294,-0.03352624871959342,0.3077094035989642,0.4158810328360786,45.305,-0.004728365677157398,-0.0005317975545190577,-0.00011972781326649088,0.655875,,0.19443818534939813,,0.1246494182584131,,0.11563079851194716,11,6,V11,600,1:3,150,450,0.894,0.951,NO_partial_2nd_layer,4.571,44.82,none,none,none,none
44.735125,44.18867916666667,-0.04441723293807144,0.3243485416337862,0.4400391956676692,45.447,-0.006976358218414865,-7.013106591305912e-05,0.0006245656775816997,0.6332124999999991,,0.1455090272021157,,0.18182187196463212,,0.13361849643114887,11,7,V11,600,1:3,150,450,0.894,0.951,NO_partial_2nd_layer,4.571,44.82,none,none,none,none
44.71325,44.416624999999996,-0.02740933002309153,0.294155715003687,0.4376635044143324,45.392,0.0069717840709366315,-0.0008712783404822742,-0.0005166406874411881,0.5747083333333318,,0.13567120434917393,,0.16198891542766508,,0.14640067162945242,11,8,V11,600,1:3,150,450,0.894,0.951,NO_partial_2nd_layer,4.571,44.82,none,none,none,none
44.754875,44.536033333333336,-0.026813000225698113,0.36069798505398115,0.48123190940295596,46.208,0.008290934234031678,-5.193033475403501e-05,0.0005487327247622403,0.5742791666666669,,0.18692495827112696,,0.1006055831459088,,0.12293599650925299,11,9,V11,600,1:3,150,450,0.894,0.951,NO_partial_2nd_layer,4.571,44.82,none,none,none,none
44.819500000000005,44.48155,-0.024955690202955134,0.33030967476033934,0.47197004993269737,45.556,0.0037086670971386675,-0.0003809013690507184,0.0006947459356536788,0.5806750000000012,,0.15564740695219853,,0.15038115806617677,,0.12373963229273204,11,10,V11,600,1:3,150,450,0.894,0.951,NO_partial_2nd_layer,4.571,44.82,none,none,none,none
30.627499999999998,30.37309583333333,-0.025090529349467677,0.2221867794480428,0.30865063322326325,31.168,0.011288867905112998,-0.001040527924947112,-0.0003597591341901279,0.9718749999999989,,0.14098224831880332,,0.21152364033495777,,0.14883277724046887,12,1,V12,600,3:1,450,150,0.691,0.735,yes,3.129,30.69,none,none,none,none
30.648125,30.305166666666665,-0.02654718311081622,0.2046469399608039,0.30048643269590336,31.009,0.01979179692519915,0.0008223192207731452,-0.001342526170987788,0.9474541666666632,,0.21651061079825426,,0.12310553374177806,,0.17388390700793388,12,2,V12,600,3:1,450,150,0.691,0.735,yes,3.129,30.69,none,none,none,none
30.674125,30.438795833333334,-0.020251042552821855,0.21955149465243082,0.3136461308505009,31.328,-0.0020360768855051036,-0.000527057679977382,0.00017101472923198376,0.9576291666666688,,0.10417069714977596,,0.12561012707790245,,0.06511792261223139,12,3,V12,600,3:1,450,150,0.691,0.735,yes,3.129,30.69,none,none,none,none
30.631625,30.30145,-0.02950108161599954,0.21639012488844941,0.3193833559117832,31.451,0.007316912242197877,0.0005679894987989147,-0.0005875736038056318,1.0098333333333347,,0.11328599027918296,,0.09925342908637388,,0.09031715865836426,12,4,V12,600,3:1,450,150,0.691,0.735,yes,3.129,30.69,none,none,none,none
30.819875000000003,30.379679166666666,-0.027918404833417648,0.22261478273421212,0.31810221772333197,31.196,0.030401855868748745,0.0004937271959752132,-1.414566101483445e-05,0.955287499999999,,0.11375185048355009,,0.22259952747796907,,0.1903999112100333,12,5,V12,600,3:1,450,150,0.691,0.735,yes,3.129,30.69,none,none,none,none
30.502,30.428604166666666,-0.020832538759354376,0.21746172975844802,0.3059928008013577,31.221,-0.005502643779758866,0.000645911487116504,0.00014042694524843375,0.8381541666666674,,0.14143712103383438,,0.16265183458793858,,0.10451747460661301,12,6,V12,600,3:1,450,150,0.691,0.735,yes,3.129,30.69,none,none,none,none
30.75725,30.3296875,-0.031494709977603064,0.23786536736640948,0.34311537271858844,31.217,-0.010162441126149037,0.00043462764017783103,-0.00014928886368258443,0.893954166666667,,0.14940921827260065,,0.1559498086238324,,0.17105480905809894,12,7,V12,600,3:1,450,150,0.691,0.735,yes,3.129,30.69,none,none,none,none
30.705375,30.373612499999997,-0.02433692598829867,0.21078546215866498,0.3074032895510036,31.077,0.012389588528785939,-0.00037583941242264084,-0.0006763779137866598,0.9641249999999992,,0.14495189587796245,,0.1416750665505237,,0.09836053087652213,12,8,V12,600,3:1,450,150,0.691,0.735,yes,3.129,30.69,none,none,none,none
30.731,30.416141666666665,-0.02024154586017132,0.21234780826825686,0.29594801929650233,31.179,-0.00769935357124866,-0.000199005629721277,0.0007726940072807142,0.9312333333333331,,0.11466227087142482,,0.1323782953106009,,0.141054574370239,12,9,V12,600,3:1,450,150,0.691,0.735,yes,3.129,30.69,none,none,none,none
30.692500000000003,30.315925,-0.026230149828989236,0.21485925602167152,0.2966444697320248,31.353,-0.0014007404034471341,-0.00036735890387696056,0.0003115746985263259,0.5180375000000002,,0.14274766459816665,,0.14557059302278616,,0.18274191075545768,12,10,V12,600,3:1,450,150,0.691,0.735,yes,3.129,30.69,none,none,none,none
37.893875,37.43555416666666,-0.02610764422993507,0.24211831412563997,0.35161630975923636,38.249,0.019101897708599526,-0.047552370507253874,-0.13660322053183233,1.5868333333333329,,0.17696724393453636,,0.10440412388963918,,0.10088667325116647,13,1,V13,600,equal,300,300,0.792,0.843,NO_partial_2nd_layer,3.85,37.76,straight,7.5x2,45,middle
37.791624999999996,37.297625000000004,-0.03954486709838646,0.2687459122750119,0.3685908141618816,38.367,0.014871828113759158,-0.0479658501814846,-0.13777698657049256,1.3440083333333313,,0.09466921340988377,,0.12383020491151794,,0.08118984407327097,13,2,V13,600,equal,300,300,0.792,0.843,NO_partial_2nd_layer,3.85,37.76,straight,7.5x2,45,middle
37.748625000000004,37.43843749999999,-0.02566393513776213,0.2796358993192777,0.39687374023784544,38.337,-0.009490081616902967,-0.04835933581302531,-0.13753747054816481,1.4870208333333341,,0.1306118738855806,,0.13098354154114508,,0.09206154608701383,13,3,V13,600,equal,300,300,0.792,0.843,NO_partial_2nd_layer,3.85,37.76,straight,7.5x2,45,middle
37.63,37.31251666666667,-0.03497360023611523,0.259095247335122,0.37271982365525813,38.194,0.0029909498959192257,0.051206283196386114,0.14699548644247862,1.3491166666666672,,0.09470128386566984,,0.17090018406518617,,0.11270721518888735,13,4,V13,600,equal,300,300,0.792,0.843,NO_partial_2nd_layer,3.85,37.76,straight,7.5x2,45,middle
37.779375,37.23652083333333,-0.03834454417611325,0.26271334299101184,0.3732171734759884,38.22,0.012186679079124062,0.056249360066469176,0.15980477474435736,1.461125000000001,,0.08679274516039821,,0.11794805447647912,,0.10264222946949261,13,5,V13,600,equal,300,300,0.792,0.843,NO_partial_2nd_layer,3.85,37.76,straight,7.5x2,45,middle
37.791875000000005,37.35412916666666,-0.02924668483827807,0.2625160944747018,0.3761792837949547,38.416,-0.010337175371890028,0.04856981959723861,0.14339561219281324,1.4501749999999998,,0.1326433851711123,,0.09380494048748192,,0.15915353467578008,13,6,V13,600,equal,300,300,0.792,0.843,NO_partial_2nd_layer,3.85,37.76,straight,7.5x2,45,middle
37.85875,37.3529125,-0.026999472213058998,0.2746383377127244,0.3947829762367674,38.555,0.006226892805298511,-0.048069477267357635,-0.13836875703093277,1.388237499999999,,0.13395964559872597,,0.1880126274268343,,0.0707558712146355,13,7,V13,600,equal,300,300,0.792,0.843,NO_partial_2nd_layer,3.85,37.76,straight,7.5x2,45,middle
37.749,37.29900833333333,-0.034904362922966815,0.2553587083854014,0.35994675338439514,38.296,-0.003085743395925772,0.052977816463516264,0.14926070176893957,1.4472541666666672,,0.17644264149564823,,0.18848736504470429,,0.08274644075170748,13,8,V13,600,equal,300,300,0.792,0.843,NO_partial_2nd_layer,3.85,37.76,straight,7.5x2,45,middle
37.872625,37.5146125,-0.024051365475094122,0.2820187380883578,0.40442803767407587,38.647,0.012142493974522843,-0.04989939758494225,-0.13831247826779364,1.521625000000002,,0.1769669718991511,,0.12634006728627578,,0.09660553053985929,13,9,V13,600,equal,300,300,0.792,0.843,NO_partial_2nd_layer,3.85,37.76,straight,7.5x2,45,middle
37.77125,37.207095833333334,-0.04245458080869491,0.2819186072965037,0.38906960150044534,38.425,-0.008665295048529373,0.057618455100659716,0.1634788458362627,1.288033333333333,,0.11957804504836633,,0.11675455100486484,,0.10461997371457467,13,10,V13,600,equal,300,300,0.792,0.843,NO_partial_2nd_layer,3.85,37.76,straight,7.5x2,45,middle
37.771,37.32219166666666,-0.034059813538429816,0.2634919000698644,0.3729819619405936,38.267,-0.005344106161254325,0.029162440662887475,0.07727917305611257,1.1150583333333302,,0.11654388503619688,,0.15444251338111153,,0.12946372915143242,14,1,V14,600,equal,300,300,0.792,0.843,NO_partial_2nd_layer,3.85,37.76,straight,7.5x2,60,middle
37.771125,37.265625,-0.03879679161096431,0.2622300033265606,0.34994330084676767,38.273,0.011151611668799008,0.031308442235518444,0.08893929914901388,1.123125,,0.1111671902201657,,0.1438013773858564,,0.1545404558474966,14,2,V14,600,equal,300,300,0.792,0.843,NO_partial_2nd_layer,3.85,37.76,straight,7.5x2,60,middle
37.76775,37.4529375,-0.023987204638969552,0.2806261014497197,0.3883062889763406,38.353,0.026110794328473227,0.030686334020475353,0.09152419316318249,1.195870833333334,,0.10007248430609231,,0.11605698847722615,,0.11569579028652123,14,3,V14,600,equal,300,300,0.792,0.843,NO_partial_2nd_layer,3.85,37.76,straight,7.5x2,60,middle
37.853875,37.506425,-0.02308528967516767,0.24410271405237746,0.35597856171639614,38.334,0.011853647369153479,-0.030503821552543914,-0.08631197669063306,1.2243000000000013,,0.13159552265381194,,0.12880433528918495,,0.13878145014484858,14,4,V14,600,equal,300,300,0.792,0.843,NO_partial_2nd_layer,3.85,37.76,straight,7.5x2,60,middle
37.695875,37.52615,-0.021260612163403726,0.28171640972593986,0.4167252287994952,38.498,-0.0030207007564845337,-0.029857342148722987,-0.08467724468657067,1.148695833333333,,0.13333509362284057,,0.09756744918047568,,0.09970547815702072,14,5,V14,600,equal,300,300,0.792,0.843,NO_partial_2nd_layer,3.85,37.76,straight,7.5x2,60,middle
37.780625,37.38119583333334,-0.02840602441014565,0.28595162719244277,0.40729088635616034,38.256,-0.001634024405416,0.026595209365012296,0.07648018789243628,0.9395583333333324,,0.12827808492621104,,0.15686771581934086,,0.02082237919481235,14,6,V14,600,equal,300,300,0.792,0.843,NO_partial_2nd_layer,3.85,37.76,straight,7.5x2,60,middle
37.6695,37.268437500000005,-0.038234076980503226,0.2678802929406472,0.38164756793249244,38.46,0.009490383795398651,-0.029692264687093052,-0.08603450361731471,0.9935958333333321,,0.1316171974700567,,0.1584034752737945,,0.11621194958054129,14,7,V14,600,equal,300,300,0.792,0.843,NO_partial_2nd_layer,3.85,37.76,straight,7.5x2,60,middle
37.744249999999994,37.47032916666667,-0.02265687598742941,0.27225382520683716,0.39644659636032986,38.299,-0.017873160383365155,0.026600169572917234,0.0779153554213309,1.137870833333336,,0.13121801109069386,,0.13179881269283275,,0.11575103360884748,14,8,V14,600,equal,300,300,0.792,0.843,NO_partial_2nd_layer,3.85,37.76,straight,7.5x2,60,middle
37.73825,37.382541666666675,-0.03062459417698167,0.2722617064616521,0.3883013107752675,38.368,-0.006113565891608601,-0.028756521524120417,-0.08137043666313168,1.136258333333334,,0.10950174045844421,,0.19760492111003614,,0.09179024464761727,14,9,V14,600,equal,300,300,0.792,0.843,NO_partial_2nd_layer,3.85,37.76,straight,7.5x2,60,middle
37.633,37.3737,-0.026918911786663495,0.2583607316184792,0.38256642161277876,38.185,0.011666278627204733,-0.02945336022430223,-0.08251334354337303,0.9900916666666681,,0.07885725263356619,,0.12412390541202482,,0.10467042741315542,14,10,V14,600,equal,300,300,0.792,0.843,NO_partial_2nd_layer,3.85,37.76,straight,7.5x2,60,middle
37.662,37.20619166666667,-0.040124203545199,0.25413075301557025,0.3502510814882405,38.289,-0.022889109810609837,0.01102437396309675,0.029308405686554483,0.8987541666666665,,0.19699407661954912,,0.20713498376841194,,0.0833283120933078,15,1,V15,600,equal,300,300,0.792,0.843,NO_partial_2nd_layer,3.85,37.76,straight,7.5x2,75,middle
37.815,37.3130625,-0.03398289206409879,0.26535136921263636,0.374700996556032,38.336,-0.012761605564118777,0.0117367809638913,0.03230650361186835,1.064545833333332,,0.13720905294348368,,0.1320279376647324,,0.13235676508125394,15,2,V15,600,equal,300,300,0.792,0.843,NO_partial_2nd_layer,3.85,37.76,straight,7.5x2,75,middle
37.865875,37.3139375,-0.03802950398444438,0.26757104114328434,0.380031021636205,38.289,-0.007958297595622851,0.00955870083692241,0.026755448291484223,1.0940958333333342,,0.12949661195064419,,0.13213861402066823,,0.14627669790484427,15,3,V15,600,equal,300,300,0.792,0.843,NO_partial_2nd_layer,3.85,37.76,straight,7.5x2,75,middle
37.81925,37.38505,-0.0274275247834169,0.2606500239840299,0.3674477790011621,38.292,0.005426855030228815,-0.011452153382070495,-0.02846757518058006,1.0401249999999962,,0.15143447613256014,,0.09139366566144036,,0.12305752022305617,15,4,V15,600,equal,300,300,0.792,0.843,NO_partial_2nd_layer,3.85,37.76,straight,7.5x2,75,middle
37.768625,37.26649166666666,-0.036033646417473184,0.26775915488723057,0.3944955732605573,38.505,-0.015528751702084445,0.008743170131512917,0.02903281400244497,1.0344083333333316,,0.1819444832761379,,0.15725916676879587,,0.1126386546006714,15,5,V15,600,equal,300,300,0.792,0.843,NO_partial_2nd_layer,3.85,37.76,straight,7.5x2,75,middle
37.627375,37.332499999999996,-0.032064306671990124,0.2813044137364598,0.4089103440316311,38.411,0.013067026816295787,-0.010232041504317045,-0.028636261635959778,0.9529666666666667,,0.11442773378509777,,0.09323815307645374,,0.0906862233317148,15,6,V15,600,equal,300,300,0.792,0.843,NO_partial_2nd_layer,3.85,37.76,straight,7.5x2,75,middle
37.663375,37.37620833333333,-0.02616060001041702,0.24873144469197123,0.35158755315195805,38.092,0.015326816295191715,-0.010711787850073056,-0.02986586465235507,0.954604166666666,,0.21920071410157896,,0.16351357066159097,,0.11705902586219989,15,7,V15,600,equal,300,300,0.792,0.843,NO_partial_2nd_layer,3.85,37.76,straight,7.5x2,75,middle
37.582125,37.35952916666667,-0.028117005503567334,0.27668839930905725,0.41455622287536137,38.259,0.007044266224586165,-0.009949276884522374,-0.02888611167103401,0.935529166666667,,0.2438290985097045,,0.17710592705474323,,0.17637658037005893,15,8,V15,600,equal,300,300,0.792,0.843,NO_partial_2nd_layer,3.85,37.76,straight,7.5x2,75,middle
37.84587500000001,37.26990833333333,-0.03733898852410591,0.2680566989058562,0.3877778447819907,38.499,0.023111523337138194,0.009569639378129264,0.02712731768255072,0.8847375000000017,,0.14427255540058287,,0.1458874049809856,,0.13535594753574645,15,9,V15,600,equal,300,300,0.792,0.843,NO_partial_2nd_layer,3.85,37.76,straight,7.5x2,75,middle
37.90625,37.43906666666667,-0.025854240525009276,0.2594343868971718,0.3651636361572005,38.244,0.005385691870573836,0.010646570748669466,0.027981008054315703,0.9755041666666671,,0.11311116745185437,,0.1407476033660269,,0.13847966969910222,15,10,V15,600,equal,300,300,0.792,0.843,NO_partial_2nd_layer,3.85,37.76,straight,7.5x2,75,middle
37.791,37.423233333333336,-0.02504657372523816,0.2673208401395323,0.3828842697431382,38.283,-0.016102272861098478,-0.05366905721335037,-0.15382888985423254,1.5800624999999986,,0.19678676200667689,,0.11774051415283146,,0.06121418702118478,16,1,V16,600,equal,300,300,0.792,0.843,NO_partial_2nd_layer,3.85,37.76,straight,6.0x2,45,middle
37.731624999999994,37.32085833333334,-0.03392406812618193,0.2454420811977579,0.3584481603830722,38.15,-0.010117564142299841,0.05051245661452879,0.14750773519624838,1.3223958333333332,,0.13437057442936057,,0.11554812660146499,,0.12902024931355197,16,2,V16,600,equal,300,300,0.792,0.843,NO_partial_2nd_layer,3.85,37.76,straight,6.0x2,45,middle
37.777874999999995,37.4397125,-0.027583600409729358,0.2567476608262963,0.3874995370492579,38.465,0.001046780478109833,-0.04979105459043393,-0.1421126433919782,1.4050333333333338,,0.10973695026744068,,0.14112683543056956,,0.11491785921662186,16,3,V16,600,equal,300,300,0.792,0.843,NO_partial_2nd_layer,3.85,37.76,straight,6.0x2,45,middle
37.63775,37.36302916666667,-0.030230438028439166,0.24909122728178115,0.3340274022282163,38.073,0.006005976095617637,-0.05420467179053146,-0.15572475903061703,1.5010875000000006,,0.11186736320010882,,0.10487005958886073,,0.131378656066288,16,4,V16,600,equal,300,300,0.792,0.843,NO_partial_2nd_layer,3.85,37.76,straight,6.0x2,45,middle
37.907375,37.376475,-0.029528748762998703,0.24414944424717028,0.35040155685445357,38.378,-0.012267696269517752,-0.048030195611380035,-0.13983572069159628,1.3770583333333342,,0.14194310228454823,,0.16865275076601483,,0.07899876522886293,16,5,V16,600,equal,300,300,0.792,0.843,NO_partial_2nd_layer,3.85,37.76,straight,6.0x2,45,middle
37.548375,37.4155375,-0.023686213302314393,0.2810078170296138,0.38092770484435917,38.388,-0.005205287105400891,0.05213138665638113,0.14997889582187435,1.625237499999999,,0.11893252454453339,,0.0982094726459718,,0.1274879498537179,16,6,V16,600,equal,300,300,0.792,0.843,NO_partial_2nd_layer,3.85,37.76,straight,6.0x2,45,middle
37.820375,37.45587916666667,-0.023986065730307808,0.27585967901078756,0.407178499609119,38.289,-0.0035354808605000732,0.057344143931349255,0.16261328650272802,1.4643666666666668,,0.15625032453739687,,0.12917658412738448,,0.13792015545834652,16,7,V16,600,equal,300,300,0.792,0.843,NO_partial_2nd_layer,3.85,37.76,straight,6.0x2,45,middle
37.584375,37.39697916666667,-0.025620462160801244,0.2899252817491925,0.4216420183423364,38.235,-0.013161151030021623,-0.05719712204047475,-0.15964196534416228,1.497466666666666,,0.15243102187837024,,0.12343931623992793,,0.100328675683207,16,8,V16,600,equal,300,300,0.792,0.843,NO_partial_2nd_layer,3.85,37.76,straight,6.0x2,45,middle
37.589875,37.45231666666667,-0.02404763971596857,0.26254229089708,0.3860777232218931,38.417,-0.013255941085967641,-0.051999294743703434,-0.14921608194990066,1.483858333333334,,0.23014036391289747,,0.10722315798823748,,0.08792031904816375,16,9,V16,600,equal,300,300,0.792,0.843,NO_partial_2nd_layer,3.85,37.76,straight,6.0x2,45,middle
37.661874999999995,37.245108333333334,-0.035554422819840184,0.27313304559434465,0.3945051664551846,38.259,-0.02272593654776846,0.05612740468252344,0.16070775448042646,1.5805791666666664,,0.16984340627523736,,0.15492701900364128,,0.08498991907507797,16,10,V16,600,equal,300,300,0.792,0.843,NO_partial_2nd_layer,3.85,37.76,straight,6.0x2,45,middle
37.61775,37.252112499999996,-0.03589866143509553,0.2642494450847526,0.38234553038123853,38.266,-0.00979518325615512,0.03146478898750831,0.09285502792440509,1.2879749999999994,,0.11405876099507471,,0.14643428009729179,,0.12412464724549979,17,1,V17,600,equal,300,300,0.792,0.843,NO_partial_2nd_layer,3.85,37.76,straight,6.0x2,60,middle
37.71424999999999,37.48139583333334,-0.018550526918870595,0.26866739081184404,0.3829822799794301,38.322,-0.002991998338475658,-0.03103234958456445,-0.08798758149086747,1.0666791666666668,,0.12580508531495305,,0.16671792437483493,,0.09971123036344165,17,2,V17,600,equal,300,300,0.792,0.843,NO_partial_2nd_layer,3.85,37.76,straight,6.0x2,60,middle
37.77875,37.3853875,-0.029270449139742857,0.25258786613595596,0.37772737617400337,38.388,0.02350623197693603,-0.027317200399923795,-0.08094442077480424,1.1675041666666655,,0.11740717547197894,,0.1760873961251748,,0.08481534997396915,17,3,V17,600,equal,300,300,0.792,0.843,NO_partial_2nd_layer,3.85,37.76,straight,6.0x2,60,middle
37.800125,37.3581125,-0.03304120904876534,0.26954138680503864,0.39707774604184676,38.196,-0.0005857030412149505,0.0327864079911578,0.09008179982057475,1.074675000000001,,0.10490048827983299,,0.1741976174872624,,0.10958094926682316,17,4,V17,600,equal,300,300,0.792,0.843,NO_partial_2nd_layer,3.85,37.76,straight,6.0x2,60,middle
37.698875,37.49502916666666,-0.019039507630340114,0.24342314635449896,0.346459758149105,38.313,0.033659140195736875,0.030423893918322044,0.08798964394722979,1.2661500000000014,,0.1132865133348571,,0.09691803171123096,,0.10339999440659922,17,5,V17,600,equal,300,300,0.792,0.843,NO_partial_2nd_layer,3.85,37.76,straight,6.0x2,60,middle
37.589,37.17807916666667,-0.03755353738780054,0.2554821352085274,0.35973036159656196,38.125,0.007913377399705967,0.03170183282788508,0.09254475367172307,1.271675,,0.08134283219408549,,0.16231966407653442,,0.15212539579801898,17,6,V17,600,equal,300,300,0.792,0.843,NO_partial_2nd_layer,3.85,37.76,straight,6.0x2,60,middle
37.757875,37.43759166666667,-0.024112960294448777,0.26158798955302637,0.37078521227277567,38.385,0.01015314015295744,-0.03202229449267548,-0.08951404533710082,1.2328166666666682,,0.19205368525820338,,0.26103975839817123,,0.1065234970758235,17,7,V17,600,equal,300,300,0.792,0.843,NO_partial_2nd_layer,3.85,37.76,straight,6.0x2,60,middle
37.655,37.324775,-0.030663296237780115,0.2724682123914115,0.39310600420743175,38.386,0.006351046363798364,0.03272519564522199,0.09352566718120003,1.1860583333333334,,0.2029616417969587,,0.2161219752288229,,0.20774585407799087,17,8,V17,600,equal,300,300,0.792,0.843,NO_partial_2nd_layer,3.85,37.76,straight,6.0x2,60,middle
37.834500000000006,37.37007083333333,-0.03216695775968424,0.2598604758364004,0.3673180931971066,38.433,0.010464831928563052,-0.02940242581639871,-0.08384606722018036,1.1308583333333324,,0.10599856602273441,,0.09507770057812634,,0.15044664298664864,17,9,V17,600,equal,300,300,0.792,0.843,NO_partial_2nd_layer,3.85,37.76,straight,6.0x2,60,middle
37.788,37.2175625,-0.03772461674681745,0.2651176078597664,0.36977237711687083,38.247,0.006496263258129047,-0.03207590449939904,-0.08768024395836327,1.1386000000000003,,0.09511727855427617,,0.1948860654211221,,0.09247893789952526,17,10,V17,600,equal,300,300,0.792,0.843,NO_partial_2nd_layer,3.85,37.76,straight,6.0x2,60,middle
37.7395,37.388349999999996,-0.027237521484746716,0.28394290842620185,0.4051541676715055,38.304,0.008341238314413807,0.01109699931149277,0.02996204679034457,1.0444166666666685,,0.12155426888827621,,0.15599013804682457,,0.11918226715010409,18,1,V18,600,equal,300,300,0.792,0.843,NO_partial_2nd_layer,3.85,37.76,straight,6.0x2,75,middle
37.841499999999996,37.4026375,-0.027364464660844776,0.2503567687297191,0.37985427727817794,38.195,0.004826478753531197,-0.009181723688954155,-0.02866622633314397,1.0081750000000014,,0.17586661198883374,,0.1133210562454808,,0.08338351593276146,18,2,V18,600,equal,300,300,0.792,0.843,NO_partial_2nd_layer,3.85,37.76,straight,6.0x2,75,middle
37.832750000000004,37.3215375,-0.02781641695168351,0.2378531105166833,0.34958656992864723,38.079,-0.01251724901016405,-0.010217948485878576,-0.032155740347299205,1.2429124999999992,,0.2102829798271861,,0.1914475543969845,,0.1537184095896354,18,3,V18,600,equal,300,300,0.792,0.843,NO_partial_2nd_layer,3.85,37.76,straight,6.0x2,75,middle
37.783125,37.37436666666666,-0.03078175662771753,0.28880017668411295,0.41742207951738636,38.529,-0.014563849173047715,0.011059587852581746,0.03296892723230502,0.9951750000000033,,0.12746361699869968,,0.11677299185540689,,0.07438506797578495,18,4,V18,600,equal,300,300,0.792,0.843,NO_partial_2nd_layer,3.85,37.76,straight,6.0x2,75,middle
37.769,37.285491666666665,-0.03840922932689679,0.2635451483309785,0.364433503183609,38.41,-0.005508740333775943,-0.010210126494058577,-0.02708857177767345,1.0667083333333327,,0.08964205943682862,,0.18587748970896986,,0.07654214837201882,18,5,V18,600,equal,300,300,0.792,0.843,NO_partial_2nd_layer,3.85,37.76,straight,6.0x2,75,middle
37.56762500000001,37.24851666666667,-0.03769335578742784,0.2781028935828878,0.4101798207562735,38.276,0.016566301550441767,-0.009578117970771446,-0.02765268474820771,1.096870833333334,,0.12395945646544176,,0.20020793844245752,,0.20128636087098423,18,6,V18,600,equal,300,300,0.792,0.843,NO_partial_2nd_layer,3.85,37.76,straight,6.0x2,75,middle
37.754625,37.464425000000006,-0.019907477560373758,0.2506315902329062,0.36158459949801813,38.23,0.0058022868989401994,0.012256252543379297,0.03238787903525132,1.1603916666666656,,0.13955541926142434,,0.1427512328576155,,0.10411835389933287,18,7,V18,600,equal,300,300,0.792,0.843,NO_partial_2nd_layer,3.85,37.76,straight,6.0x2,75,middle
37.788625,37.36869166666667,-0.02410736297505041,0.244844999475723,0.35124822249732635,38.422,0.0013066147195119132,0.01105015833996913,0.03227999184559363,1.1185624999999995,,0.14820054992051857,,0.12280579892678183,,0.0635844606391689,18,8,V18,600,equal,300,300,0.792,0.843,NO_partial_2nd_layer,3.85,37.76,straight,6.0x2,75,middle
37.7855,37.3058125,-0.03342756992308881,0.2680249055080648,0.37449895676656686,38.206,-0.022101561579967993,-0.011602965946245668,-0.03244604942288429,1.0107374999999994,,0.09436758228155419,,0.20464545392057476,,0.08928429863907598,18,9,V18,600,equal,300,300,0.792,0.843,NO_partial_2nd_layer,3.85,37.76,straight,6.0x2,75,middle
37.891124999999995,37.31685,-0.03700107987985937,0.2693873761001509,0.37743327155536677,38.339,0.010954439770000872,-0.01078748723830148,-0.029150547594398755,1.2757416666666686,,0.1335690243377185,,0.08829940940013009,,0.12303543357009408,18,10,V18,600,equal,300,300,0.792,0.843,NO_partial_2nd_layer,3.85,37.76,straight,6.0x2,75,middle
37.895375,37.33322916666667,-0.033018312817931494,0.26401232153988174,0.3867665281281906,38.274,0.00987887772213853,-0.05062544762723659,-0.14703054524257597,1.3296166666666647,,0.07883579326838917,,0.1350023246594187,,0.06982208297090749,19,1,V19,600,equal,300,300,0.792,0.843,NO_partial_2nd_layer,3.85,37.76,straight,9.0x2,45,middle
37.811625,37.52348333333334,-0.021408371673119007,0.2552080716406293,0.3849205754079471,38.408,0.01995239052822087,-0.04924585196080489,-0.13861270687245913,1.2770708333333332,,0.14094058729133568,,0.17269199271252225,,0.07145110983643464,19,2,V19,600,equal,300,300,0.792,0.843,NO_partial_2nd_layer,3.85,37.76,straight,9.0x2,45,middle
37.86475,37.2510625,-0.03978099272556812,0.267430456085754,0.39958599914323467,38.335,0.008061155463204225,0.054890820095210555,0.15655682778311916,1.4787166666666671,,0.15799562059219185,,0.11512114425914298,,0.10026247301660679,19,3,V19,600,equal,300,300,0.792,0.843,NO_partial_2nd_layer,3.85,37.76,straight,9.0x2,45,middle
37.827,37.210924999999996,-0.04061202451431394,0.28355362834144926,0.41051073403932586,38.314,0.01838401757415516,0.05384050592369441,0.15076018994039378,1.4626625000000022,,0.1144905183814369,,0.1315823790926257,,0.12883151847808513,19,4,V19,600,equal,300,300,0.792,0.843,NO_partial_2nd_layer,3.85,37.76,straight,9.0x2,45,middle
37.740875,37.47396666666667,-0.01898686435528356,0.2613794182240505,0.34510096151730324,38.569,0.008153789339847312,-0.04863091290708678,-0.14061703393525843,1.4471916666666669,,0.1083346059845886,,0.16810219908705604,,0.08113120595028135,19,5,V19,600,equal,300,300,0.792,0.843,NO_partial_2nd_layer,3.85,37.76,straight,9.0x2,45,middle
37.943125,37.267312499999996,-0.03986299414920488,0.2648159635916131,0.37569880774665704,38.27,0.0028210454613164615,-0.049178536020125084,-0.1410020302798471,1.4001666666666654,,0.16469571130414185,,0.1373966829349599,,0.08967089340991592,19,6,V19,600,equal,300,300,0.792,0.843,NO_partial_2nd_layer,3.85,37.76,straight,9.0x2,45,middle
37.853875,37.38578333333334,-0.030332901612875288,0.2553414029560575,0.3729394938978529,38.644,0.00924324875484204,0.05405822941592683,0.15698991813078927,1.46944166666667,,0.15598752411631217,,0.1268739547563817,,0.06428652879186204,19,7,V19,600,equal,300,300,0.792,0.843,NO_partial_2nd_layer,3.85,37.76,straight,9.0x2,45,middle
37.94225,37.246525000000005,-0.03790323443115292,0.2597285727332354,0.3555355262983589,38.164,0.011278660432306487,0.05052615756677801,0.14257541114683436,1.4467000000000017,,0.10725817463980594,,0.12709949128877798,,0.10921655647531565,19,8,V19,600,equal,300,300,0.792,0.843,NO_partial_2nd_layer,3.85,37.76,straight,9.0x2,45,middle
37.828375,37.23764166666667,-0.04205959825691308,0.27421093993571843,0.38255234553081696,38.403,-0.0022996856503881124,-0.04840262640805306,-0.13752631707853152,1.3768458333333342,,0.14839434013477365,,0.15665721357044005,,0.08663072222332022,19,9,V19,600,equal,300,300,0.792,0.843,NO_partial_2nd_layer,3.85,37.76,straight,9.0x2,45,middle
37.774625,37.3358,-0.03364582718449933,0.2765476887619718,0.4042274981899267,38.45,-0.03244014672695883,0.05068102671488464,0.1459860663234906,1.4609499999999969,,0.15054365149378227,,0.15143452159706217,,0.08780500425895098,19,10,V19,600,equal,300,300,0.792,0.843,NO_partial_2nd_layer,3.85,37.76,straight,9.0x2,45,middle
37.760875,37.32728333333333,-0.03200036806194458,0.26412398233669643,0.3803112961882256,38.589,0.014352530501597434,0.02918526869723617,0.08601656388519387,1.257629166666666,,0.10703725679140029,,0.19905649656405888,,0.13387032264660823,20,1,V20,600,equal,300,300,0.792,0.843,NO_partial_2nd_layer,3.85,37.76,straight,9.0x2,60,middle
37.767250000000004,37.32695,-0.0358902342054549,0.2758079761524267,0.3795898524288362,38.683,0.00037406292352506446,-0.027692552921454467,-0.07851476715011678,1.0024750000000022,,0.11251484559641634,,0.17647409087998936,,0.09781644746357172,20,2,V20,600,equal,300,300,0.792,0.843,NO_partial_2nd_layer,3.85,37.76,straight,9.0x2,60,middle
37.77375,37.327999999999996,-0.03365009809198114,0.2625098254037803,0.36009768549136034,38.653,-0.005743470475728214,0.02665435267139589,0.07794400848492229,1.1218499999999985,,0.12653373428854606,,0.10779065048214187,,0.10121058542521157,20,3,V20,600,equal,300,300,0.792,0.843,NO_partial_2nd_layer,3.85,37.76,straight,9.0x2,60,middle
37.723,37.27453333333333,-0.0342976787791444,0.2539174200012741,0.357251707381194,38.23,-0.009269507470946375,0.026694823442125443,0.07630512265227181,1.722425000000003,,0.11869894729152523,,0.1504240179211311,,0.11829406036062307,20,4,V20,600,equal,300,300,0.792,0.843,NO_partial_2nd_layer,3.85,37.76,straight,9.0x2,60,middle
37.639875,37.4289875,-0.020492282852132615,0.26055585113780416,0.37240337827499315,38.259,-0.021059702745822483,0.030490328817533354,0.08848091124169202,1.1288875000000012,,0.1598091420864069,,0.16163806397380098,,0.11847074556973893,20,5,V20,600,equal,300,300,0.792,0.843,NO_partial_2nd_layer,3.85,37.76,straight,9.0x2,60,middle
37.816,37.41927916666667,-0.023775270404000865,0.2745489805311913,0.41578666681515347,38.25,-0.014135390345017106,-0.02830911198810203,-0.07815242154067334,1.0598249999999982,,0.1472173127747709,,0.1263784321553356,,0.12555150922851496,20,6,V20,600,equal,300,300,0.792,0.843,NO_partial_2nd_layer,3.85,37.76,straight,9.0x2,60,middle
37.714,37.282975,-0.039550061633013715,0.2986120386586525,0.4056094025632278,38.468,-0.015264256336781424,-0.030737244814178995,-0.08058768811998984,1.0320083333333336,,0.08002746152388744,,0.22298263388427111,,0.06166595745855733,20,7,V20,600,equal,300,300,0.792,0.843,NO_partial_2nd_layer,3.85,37.76,straight,9.0x2,60,middle
37.8815,37.267783333333334,-0.040380166322331996,0.27756078390380245,0.3905409080196595,38.481,0.011838604450774996,0.030739686903030115,0.08459851603402983,1.1321083333333348,,0.15342791063286998,,0.10211567097355152,,0.12506545305974115,20,8,V20,600,equal,300,300,0.792,0.843,NO_partial_2nd_layer,3.85,37.76,straight,9.0x2,60,middle
37.7385,37.474475,-0.02342583030955322,0.27931375635967487,0.419782200949861,38.592,0.003322908863593167,-0.02922399364983142,-0.08062386408698037,1.129741666666666,,0.12954617952751682,,0.12891463154531715,,0.10153910395703271,20,9,V20,600,equal,300,300,0.792,0.843,NO_partial_2nd_layer,3.85,37.76,straight,9.0x2,60,middle
37.66,37.349500000000006,-0.029178541294119172,0.2470905296442889,0.3665446367242289,38.087,-0.0016128497691319478,-0.028093702570143948,-0.07846447728939152,1.013354166666666,,0.07885123493161887,,0.17380650216500318,,0.09026842859729384,20,10,V20,600,equal,300,300,0.792,0.843,NO_partial_2nd_layer,3.85,37.76,straight,9.0x2,60,middle
37.61625,37.300670833333335,-0.033239184708067956,0.2639217770663698,0.37933853462227174,38.399,-0.004340426128006512,0.010308856795141156,0.03266358937789304,1.0735416666666655,,0.11194238178218784,,0.1131201160722368,,0.11421264081398179,21,1,V21,600,equal,300,300,0.792,0.843,NO_partial_2nd_layer,3.85,37.76,straight,9.0x2,75,middle
37.852875,37.470216666666666,-0.023800322922273128,0.2590806588445348,0.3570885349004115,38.316,-0.0086188053317157,-0.01059991227060687,-0.02829424065617105,1.0750291666666687,,0.13637304468092587,,0.1649899585870052,,0.12130220924127995,21,2,V21,600,equal,300,300,0.792,0.843,NO_partial_2nd_layer,3.85,37.76,straight,9.0x2,75,middle
37.605000000000004,37.34126666666667,-0.02754114481154067,0.23511332492383688,0.3124208954272765,38.049,0.011842283313835689,0.009690194928563644,0.03283436285850428,0.9372916666666669,,0.16874831156722317,,0.1584422409128723,,0.1383458414163478,21,3,V21,600,equal,300,300,0.792,0.843,NO_partial_2nd_layer,3.85,37.76,straight,9.0x2,75,middle
37.85575,37.241187499999995,-0.039779888539731655,0.25627967709980565,0.3710304152460507,38.777,-0.02041061858738261,0.011104270100562882,0.028126707768567058,1.147775000000001,,0.12554911650386816,,0.15507991407505264,,0.10694372536374788,21,4,V21,600,equal,300,300,0.792,0.843,NO_partial_2nd_layer,3.85,37.76,straight,9.0x2,75,middle
37.6125,37.42079583333334,-0.022860990642198386,0.25555695907455406,0.33507012942337794,38.267,-0.0002193506314612939,0.009287118821326098,0.029672359089541345,1.0542750000000005,,0.16729235832869388,,0.1019370188022825,,0.10840929500713808,21,5,V21,600,equal,300,300,0.792,0.843,NO_partial_2nd_layer,3.85,37.76,straight,9.0x2,75,middle
37.77725,37.2491125,-0.039438327054289464,0.24983703425202544,0.35274095299003544,38.252,0.02439210215088338,-0.012552239482059541,-0.0318205556412688,0.9868749999999995,,0.11487395658073914,,0.1270070703998844,,0.10284386557618368,21,6,V21,600,equal,300,300,0.792,0.843,NO_partial_2nd_layer,3.85,37.76,straight,9.0x2,75,middle
37.755250000000004,37.31727083333333,-0.03522334415528053,0.26951204044617905,0.40657601305697477,38.43,0.0099325072460783,-0.009882330848498976,-0.029318417795290645,1.4251791666666644,,0.10736031071847442,,0.13650313179673557,,0.10851795994565355,21,7,V21,600,equal,300,300,0.792,0.843,NO_partial_2nd_layer,3.85,37.76,straight,9.0x2,75,middle
37.64975,37.40574583333333,-0.025174759978472107,0.25994153051676877,0.38341631568010626,38.399,-0.010276769185529083,0.01036158678162912,0.027734441932355913,1.0405374999999992,,0.12914671197385963,,0.14664101886522815,,0.06163405826366379,21,8,V21,600,equal,300,300,0.792,0.843,NO_partial_2nd_layer,3.85,37.76,straight,9.0x2,75,middle
37.6885,37.35966666666666,-0.031678786090035674,0.2612047102275133,0.3598358121636605,38.269,0.010051741867234823,0.010204525223395395,0.027263833593365233,0.9360000000000017,,0.1242036578714552,,0.140655589779337,,0.15057910703550942,21,9,V21,600,equal,300,300,0.792,0.843,NO_partial_2nd_layer,3.85,37.76,straight,9.0x2,75,middle
37.663125,37.2329,-0.03849505720585369,0.26539279817157163,0.37679893198686704,38.189,0.0015523845650624163,-0.010595045569275922,-0.030249100581905296,1.0574541666666661,,0.16456901986933162,,0.12465939963099226,,0.08163733553932687,21,10,V21,600,equal,300,300,0.792,0.843,NO_partial_2nd_layer,3.85,37.76,straight,9.0x2,75,middle
37.738375000000005,37.348,-0.030831868608831574,0.2628713474097905,0.37207925888901366,38.267,0.001002461227301481,-0.03530914711491814,-0.097768567233574,1.251737499999999,,0.17519802921646413,,0.12902198096565645,,0.13713247505869283,22,1,V22,600,equal,300,300,0.792,0.843,NO_partial_2nd_layer,3.85,37.76,s,7.5x2,45,middle
37.556125,37.35854166666666,-0.027864337922533223,0.2640636942852511,0.38718957872659304,38.273,0.010132436855841044,0.031100814565850298,0.09143730081219262,1.3530499999999996,,0.18427482372977308,,0.13286727295161385,,0.09656133046528824,22,2,V22,600,equal,300,300,0.792,0.843,NO_partial_2nd_layer,3.85,37.76,s,7.5x2,45,middle
37.758624999999995,37.326924999999996,-0.03063744856681638,0.2855952365588509,0.39819887905459345,38.579,-0.006455567238715294,0.03189647840967607,0.09170820155137507,1.4156749999999985,,0.12180829414221157,,0.12973339819864482,,0.12722260856676,22,3,V22,600,equal,300,300,0.792,0.843,NO_partial_2nd_layer,3.85,37.76,s,7.5x2,45,middle
37.730625,37.401558333333334,-0.025851955763119452,0.2623942241841867,0.36694653766764984,38.302,0.008100785312607963,0.030145843258196886,0.08618111609533262,1.316954166666667,,0.13757740914687816,,0.16347097664939989,,0.15344770232508176,22,4,V22,600,equal,300,300,0.792,0.843,NO_partial_2nd_layer,3.85,37.76,s,7.5x2,45,middle
37.787375,37.41045833333333,-0.026237518012464663,0.2585886726093727,0.3772344365029286,38.562,0.010007325721441666,0.036434918224607336,0.09777613248067078,1.4462125000000015,,0.1389784187347934,,0.13349847177109284,,0.12153053880134236,22,5,V22,600,equal,300,300,0.792,0.843,NO_partial_2nd_layer,3.85,37.76,s,7.5x2,45,middle
37.7365,37.32837916666667,-0.03022209760585983,0.2855469358603078,0.4012218733217309,38.265,0.004062572206285904,0.034135049385249215,0.0959103984879106,1.2208416666666668,,0.09595316599930276,,0.12154479731381779,,0.11008236794243904,22,6,V22,600,equal,300,300,0.792,0.843,NO_partial_2nd_layer,3.85,37.76,s,7.5x2,45,middle
37.7575,37.268362499999995,-0.03410799840274932,0.24496087289907945,0.3405674504184432,38.256,0.014648713103542727,-0.03384644460700365,-0.09636955443504965,1.3593833333333336,,0.11664502668064688,,0.14027394535260782,,0.138672079077919,22,7,V22,600,equal,300,300,0.792,0.843,NO_partial_2nd_layer,3.85,37.76,s,7.5x2,45,middle
37.6905,37.41885833333333,-0.028200128474453624,0.26417078811613737,0.37652079351583084,38.672,-0.01788999174077948,-0.03151518832197842,-0.08838500402714657,1.5340624999999992,,0.20941882688203423,,0.10735907781122318,,0.09115062482303966,22,8,V22,600,equal,300,300,0.792,0.843,NO_partial_2nd_layer,3.85,37.76,s,7.5x2,45,middle
37.59875,37.37445833333333,-0.02516220767721797,0.2508397307470924,0.3488165047340727,38.3,0.0223455700583232,-0.032858803468165575,-0.09364373412456439,1.3579500000000007,,0.1489663125419003,,0.16287082761319135,,0.10622446387238127,22,9,V22,600,equal,300,300,0.792,0.843,NO_partial_2nd_layer,3.85,37.76,s,7.5x2,45,middle
37.678749999999994,37.3578625,-0.029046063299710156,0.2619580901019493,0.3751363991825267,38.206,-1.6217992381786668e-05,0.031941873854109855,0.09164460987656053,1.2699083333333334,,0.1781795602358279,,0.16360147483591925,,0.13055002321238465,22,10,V22,600,equal,300,300,0.792,0.843,NO_partial_2nd_layer,3.85,37.76,s,7.5x2,45,middle
37.639874999999996,37.430054166666665,-0.02552989114394489,0.2781971559796426,0.3830009067360929,38.557,-0.006682207540003059,-0.020044369333781963,-0.055599103364453666,0.8021583333333329,,0.09962787364113888,,0.1382353974330098,,0.1381501986392223,23,1,V23,600,equal,300,300,0.792,0.843,NO_partial_2nd_layer,3.85,37.76,s,7.5x2,60,middle
37.691625,37.36857083333333,-0.026508970641851565,0.28736606269073434,0.4134874943088253,38.287,0.009286008151424557,-0.01865920722209864,-0.05341275582116026,0.8323250000000026,,0.15015900401935878,,0.14817054384321504,,0.11403667154980927,23,2,V23,600,equal,300,300,0.792,0.843,NO_partial_2nd_layer,3.85,37.76,s,7.5x2,60,middle
37.6555,37.339825000000005,-0.034864355283945284,0.26542680764861193,0.36352721146126515,38.238,0.007825049987991765,0.018382840449883708,0.052464890526373174,0.8158249999999985,,0.13036417765427646,,0.1936550283606215,,0.07349391494632702,23,3,V23,600,equal,300,300,0.792,0.843,NO_partial_2nd_layer,3.85,37.76,s,7.5x2,60,middle
37.749125,37.45375000000001,-0.027400677095088498,0.25178456175574593,0.35381214432634117,38.257,-0.013147614160948612,0.017438745043364092,0.05255693447643882,0.8799124999999979,,0.11280191850845724,,0.22555660603343483,,0.14503468180809698,23,4,V23,600,equal,300,300,0.792,0.843,NO_partial_2nd_layer,3.85,37.76,s,7.5x2,60,middle
37.60575,37.39500833333333,-0.027545054601642548,0.2860900535112321,0.39439471658304376,38.551,0.01910942945458972,0.017313034662824467,0.047798063291536796,0.815291666666667,,0.13916461020708765,,0.1436516841215586,,0.14392323563403037,23,5,V23,600,equal,300,300,0.792,0.843,NO_partial_2nd_layer,3.85,37.76,s,7.5x2,60,middle
37.678374999999996,37.484233333333336,-0.019727849441829443,0.26241825528633156,0.3722671129005093,38.316,-0.0006422740502657037,0.02014024625035143,0.05554388796876496,0.8163333333333309,,0.10302796237284843,,0.14014964589876677,,0.06948968688972162,23,6,V23,600,equal,300,300,0.792,0.843,NO_partial_2nd_layer,3.85,37.76,s,7.5x2,60,middle
37.841375,37.36519583333334,-0.031454750950537236,0.2681216961822218,0.3729842447904799,38.309,0.014414642953930992,-0.019636568361241193,-0.057012476726448616,0.8559041666666651,,0.11236008233437798,,0.13088010340365638,,0.12196615600709633,23,7,V23,600,equal,300,300,0.792,0.843,NO_partial_2nd_layer,3.85,37.76,s,7.5x2,60,middle
37.815875000000005,37.26130416666667,-0.03832027292140427,0.2515208737402375,0.3469774147690778,38.379,0.000550179165827952,0.01821642169506196,0.05260482895549811,0.9442833333333329,,0.14938452738416227,,0.14355006689813965,,0.13459729459900102,23,8,V23,600,equal,300,300,0.792,0.843,NO_partial_2nd_layer,3.85,37.76,s,7.5x2,60,middle
37.716,37.28341666666667,-0.034252108543549986,0.2750787012101891,0.39213600770085477,38.354,0.007397791486228832,-0.019376186707135246,-0.05068795110215234,0.7666291666666663,,0.1345058418464917,,0.1455056755291617,,0.09460898586158528,23,9,V23,600,equal,300,300,0.792,0.843,NO_partial_2nd_layer,3.85,37.76,s,7.5x2,60,middle
37.663125,37.27214166666667,-0.03881975728745276,0.2551622041887276,0.37006609157539866,38.223,0.003697643979057533,0.018470313138351204,0.055729313192051724,0.9011375000000008,,0.1048820886950267,,0.11744480922280037,,0.16597035017991282,23,10,V23,600,equal,300,300,0.792,0.843,NO_partial_2nd_layer,3.85,37.76,s,7.5x2,60,middle
37.739125,37.2469875,-0.043801597249952626,0.27645707871415226,0.39721192029372815,38.074,-0.005598494560690844,-0.006702762767558618,-0.019335724260404297,1.3752458333333308,,0.12031554549807318,,0.16763396869202424,,0.06460034935210593,24,1,V24,600,equal,300,300,0.792,0.843,NO_partial_2nd_layer,3.85,37.76,s,7.5x2,75,middle
37.79025,37.306579166666666,-0.03134080452785562,0.27574838270572694,0.39392518882816485,38.244,0.022463723693380074,0.0050799783654103415,0.017647470740230545,1.204429166666669,,0.1549867180944666,,0.1282491297353918,,0.10856436818200955,24,2,V24,600,equal,300,300,0.792,0.843,NO_partial_2nd_layer,3.85,37.76,s,7.5x2,75,middle
37.762375,37.37650416666667,-0.03022588239379091,0.2791524979019319,0.357230736587965,38.312,-0.017422975462610752,-0.006187783871267379,-0.019515259737977245,1.1721875000000015,,0.1718568621226758,,0.18103275203024166,,0.12291419073644122,24,3,V24,600,equal,300,300,0.792,0.843,NO_partial_2nd_layer,3.85,37.76,s,7.5x2,75,middle
37.809250000000006,37.39860416666667,-0.024431288737652542,0.27131980111428905,0.37334436188631664,38.376,-0.004777445572072199,0.006674130253284129,0.017637749431344107,1.1799416666666644,,0.12348733023883059,,0.1357823926826467,,0.11702589757200971,24,4,V24,600,equal,300,300,0.792,0.843,NO_partial_2nd_layer,3.85,37.76,s,7.5x2,75,middle
37.789125,37.221108333333326,-0.03879531936318328,0.27949401483595987,0.3956058961954471,38.33,-0.0019057075026875302,0.005527542456169586,0.018120416535712412,1.0846125000000004,,0.1210550965533368,,0.13481758346964004,,0.13470653730166382,24,5,V24,600,equal,300,300,0.792,0.843,NO_partial_2nd_layer,3.85,37.76,s,7.5x2,75,middle
37.75750000000001,37.27872916666667,-0.036289737669055674,0.27169822306163055,0.3872387282232801,38.436,-0.004619705790979563,0.005373500872347543,0.01717875861655642,1.2945208333333333,,0.130823820030778,,0.19820879587972998,,0.07393583161187664,24,6,V24,600,equal,300,300,0.792,0.843,NO_partial_2nd_layer,3.85,37.76,s,7.5x2,75,middle
37.644125,37.43990833333334,-0.02291243945207317,0.2619251178767294,0.38304956145020785,38.332,0.0008411440818605972,0.00529415335235236,0.017033703913874033,1.1198916666666658,,0.14142880588907625,,0.18151313854133874,,0.09137390449420937,24,7,V24,600,equal,300,300,0.792,0.843,NO_partial_2nd_layer,3.85,37.76,s,7.5x2,75,middle
37.721,37.219808333333326,-0.03981288564037549,0.2730757143340325,0.40595685818975513,38.267,0.008155901679846289,0.0056565588763404385,0.020842004630990323,1.3628916666666697,,0.1497548579523183,,0.13991754209713017,,0.15296284061174328,24,8,V24,600,equal,300,300,0.792,0.843,NO_partial_2nd_layer,3.85,37.76,s,7.5x2,75,middle
37.6325,37.36949583333333,-0.030013114811020602,0.2757182317747459,0.36957332064225573,38.126,-0.00017790890713056934,-0.006056233922077042,-0.01865238966287551,1.1803500000000007,,0.14829687442856526,,0.18277470061054732,,0.1218817614020346,24,9,V24,600,equal,300,300,0.792,0.843,NO_partial_2nd_layer,3.85,37.76,s,7.5x2,75,middle
37.729125,37.46626666666667,-0.022638497196130907,0.31440215154243184,0.450013119288072,38.943,-0.010855659622633544,0.005923539046055999,0.017250805029052508,1.121224999999999,,0.10641724295561111,,0.14653604675940357,,0.09793763740748113,24,10,V24,600,equal,300,300,0.792,0.843,NO_partial_2nd_layer,3.85,37.76,s,7.5x2,75,middle
37.690625,37.305475,-0.035820621885795594,0.2812467754105055,0.3712138180951375,38.636,-0.009946930391977514,0.02984818845330776,0.08267590562331918,1.292837500000001,,0.1188032118365007,,0.17219165517470444,,0.05795892964497483,25,1,V25,600,equal,300,300,0.792,0.843,NO_partial_2nd_layer,3.85,37.76,s,6.0x2,45,middle
37.704625,37.334691666666664,-0.03484405632042155,0.26856076203123364,0.40300435019507014,38.344,-0.004397416517795851,-0.0345911707417562,-0.10212044860952177,1.851629166666667,,0.1950530091115931,,0.12226289084110877,,0.07213005380708457,25,2,V25,600,equal,300,300,0.792,0.843,NO_partial_2nd_layer,3.85,37.76,s,6.0x2,45,middle
37.727374999999995,37.32828333333334,-0.030502112883905735,0.26013564930830424,0.3726960577527421,38.316,0.0037645953468041326,0.03358453401764828,0.09577301730581142,1.4077458333333333,,0.12468976702205947,,0.13957548456439964,,0.06599358970463307,25,3,V25,600,equal,300,300,0.792,0.843,NO_partial_2nd_layer,3.85,37.76,s,6.0x2,45,middle
37.827625,37.45869166666667,-0.0262043993819332,0.2594590038462827,0.36213532226475664,38.349,0.010278172039896167,0.033879806225638846,0.09700357972548984,0.809000000000001,,0.11289298171595626,,0.1700849119708362,,0.13478806446331626,25,4,V25,600,equal,300,300,0.792,0.843,NO_partial_2nd_layer,3.85,37.76,s,6.0x2,45,middle
37.78025,37.24851666666667,-0.04363711869997724,0.28078608912748493,0.36354049920286663,38.254,-0.005118324583498285,0.03555169196275733,0.10062254404167949,1.4006583333333325,,0.11066454011845565,,0.13526477461925565,,0.09561661116423234,25,5,V25,600,equal,300,300,0.792,0.843,NO_partial_2nd_layer,3.85,37.76,s,6.0x2,45,middle
37.86175,37.25774166666667,-0.03913162381291315,0.2528948301611847,0.3605554640798336,38.839,-0.004666599660533604,-0.03137836887154318,-0.0874074954106994,1.2732666666666663,,0.15081557138602744,,0.08203167242608289,,0.11623357171952885,25,6,V25,600,equal,300,300,0.792,0.843,NO_partial_2nd_layer,3.85,37.76,s,6.0x2,45,middle
37.876000000000005,37.2599625,-0.037816278060382714,0.275440099397978,0.39033408606573133,38.289,-0.017153069067517474,0.030484238024936366,0.08888298011733888,1.2308166666666658,,0.1529911285455115,,0.15958788209745176,,0.08339011950027897,25,7,V25,600,equal,300,300,0.792,0.843,NO_partial_2nd_layer,3.85,37.76,s,6.0x2,45,middle
37.780625,37.2508,-0.037206493168284255,0.26730639871932665,0.3873686037180139,38.847,-0.004760475345068412,0.036193792030260054,0.10052899803441817,1.8286666666666633,,0.16629828412023973,,0.15652076902271383,,0.01416748031841393,25,8,V25,600,equal,300,300,0.792,0.843,NO_partial_2nd_layer,3.85,37.76,s,6.0x2,45,middle
37.838125000000005,37.26380416666667,-0.04016212434243651,0.27850786708370695,0.3785616468979554,38.666,0.011348930240090436,-0.032250157068449595,-0.09143430469211367,1.3907000000000007,,0.12831302862084515,,0.11173397673439468,,0.11025946975805781,25,9,V25,600,equal,300,300,0.792,0.843,NO_partial_2nd_layer,3.85,37.76,s,6.0x2,45,middle
37.607375,37.26828750000001,-0.036048823764302546,0.263111785143736,0.3757553898092632,38.135,0.026244830773894837,0.029738889908752588,0.08591937497503414,1.433016666666667,,0.09028855190106634,,0.15140004994437492,,0.11571051776685852,25,10,V25,600,equal,300,300,0.792,0.843,NO_partial_2nd_layer,3.85,37.76,s,6.0x2,45,middle
37.791375,37.32646666666667,-0.032245115366585454,0.29513940409813083,0.4089457258543736,38.605,-0.003259604842921505,-0.01818413012852902,-0.050146893773284344,1.0681083333333348,,0.1582720244479749,,0.23890292612098926,,0.1152158922743568,26,1,V26,600,equal,300,300,0.792,0.843,NO_partial_2nd_layer,3.85,37.76,s,6.0x2,60,middle
37.54275,37.402025,-0.017968756402018896,0.2572296884545471,0.3716433594333127,38.254,-0.004392320850749892,-0.01865848174357583,-0.05351072334360929,1.1618458333333326,,0.12693591331538467,,0.13179885460308632,,0.10706321253610052,26,2,V26,600,equal,300,300,0.792,0.843,NO_partial_2nd_layer,3.85,37.76,s,6.0x2,60,middle
37.626875,37.227158333333335,-0.038197878435390464,0.2802996866437188,0.3805472771227287,38.207,0.020813904688800993,0.01720848750942691,0.04929813939363199,1.1347458333333353,,0.1545174496379615,,0.11010517721217392,,0.15554638579256996,26,3,V26,600,equal,300,300,0.792,0.843,NO_partial_2nd_layer,3.85,37.76,s,6.0x2,60,middle
37.924375,37.419337500000005,-0.028657244049375148,0.26997253596556386,0.3485917574887871,38.384,0.006813757527251898,-0.0192236948452699,-0.05780805706152341,1.104916666666666,,0.205129233420885,,0.1965921437542187,,0.0982309279564795,26,4,V26,600,equal,300,300,0.792,0.843,NO_partial_2nd_layer,3.85,37.76,s,6.0x2,60,middle
37.798500000000004,37.27319166666667,-0.03629392176947471,0.2587605810252976,0.34724927440875314,38.529,-0.005256768053861531,0.01756679396033089,0.050762429282073314,1.044712500000001,,0.15517056360928932,,0.10642724467158456,,0.13872505254405132,26,5,V26,600,equal,300,300,0.792,0.843,NO_partial_2nd_layer,3.85,37.76,s,6.0x2,60,middle
37.797250000000005,37.430258333333335,-0.023628826889356257,0.278796477259705,0.389634712525746,38.423,-0.01566570470999699,0.018897823721763917,0.051352484299601535,0.9904625000000014,,0.12391609454850351,,0.17100874507985014,,0.17231949677809866,26,6,V26,600,equal,300,300,0.792,0.843,NO_partial_2nd_layer,3.85,37.76,s,6.0x2,60,middle
37.863625,37.35986666666667,-0.037511026233093325,0.27175735072736645,0.3800554573053978,38.675,-0.000781304499476719,0.018062944040271325,0.04857444323918002,1.0027625000000029,,0.17156941855478985,,0.12386407060801106,,0.13435668001759882,26,7,V26,600,equal,300,300,0.792,0.843,NO_partial_2nd_layer,3.85,37.76,s,6.0x2,60,middle
37.767375,37.242133333333335,-0.039766447334153965,0.23958658757604578,0.3309032648846139,38.33,-0.00287434852700847,0.020653989905952463,0.05653409304532016,0.6693958333333345,,0.16228464468834544,,0.18165031409305607,,0.1629788934342105,26,8,V26,600,equal,300,300,0.792,0.843,NO_partial_2nd_layer,3.85,37.76,s,6.0x2,60,middle
37.756,37.46367083333334,-0.020986458098230867,0.25698968046316906,0.34770186334568104,38.403,-0.009444676348336064,0.01841291228444638,0.05353565062818329,0.954225000000001,,0.14796370838303133,,0.13120160877471787,,0.1503537871655966,26,9,V26,600,equal,300,300,0.792,0.843,NO_partial_2nd_layer,3.85,37.76,s,6.0x2,60,middle
37.823875,37.3342125,-0.03724029583846906,0.2773443417443425,0.3995974962331667,38.3,-0.012811941715051305,-0.017682030309659216,-0.04979656950247176,1.013541666666665,,0.12121137138125603,,0.14883940925165445,,0.05815175030624163,26,10,V26,600,equal,300,300,0.792,0.843,NO_partial_2nd_layer,3.85,37.76,s,6.0x2,60,middle
37.686375,37.27605416666667,-0.0356895605826495,0.28182357896516713,0.42784294521945626,38.339,0.0052088607842322755,0.006240385063438118,0.01663913959290833,1.3949083333333334,,0.11240682290956797,,0.10390190969031858,,0.11703246439239168,27,1,V27,600,equal,300,300,0.792,0.843,NO_partial_2nd_layer,3.85,37.76,s,6.0x2,75,middle
37.54025,37.338562499999995,-0.033401270855396646,0.2779999669958704,0.3993416653573439,38.401,0.0008496611665029546,-0.006559495958400431,-0.020051613131635032,1.4610416666666683,,0.18569401632999566,,0.1634611100811699,,0.10609763809666092,27,2,V27,600,equal,300,300,0.792,0.843,NO_partial_2nd_layer,3.85,37.76,s,6.0x2,75,middle
37.803124999999994,37.2279625,-0.038240292366185626,0.2819359143564473,0.3929815384210166,38.49,0.008649773029357394,0.006201050307935716,0.019680449838853406,1.4225624999999997,,0.17207704037094387,,0.17262684065798242,,0.11830522090692433,27,3,V27,600,equal,300,300,0.792,0.843,NO_partial_2nd_layer,3.85,37.76,s,6.0x2,75,middle
37.748999999999995,37.22292083333333,-0.04007700480911044,0.2756143876441862,0.37465599842363606,38.353,0.0005273719415596062,-0.0061064380051967185,-0.01940087130584174,1.1450999999999993,,0.0889894159368621,,0.14459599948460639,,0.12518406033633653,27,4,V27,600,equal,300,300,0.792,0.843,NO_partial_2nd_layer,3.85,37.76,s,6.0x2,75,middle
37.709,37.38260833333334,-0.03149049809892561,0.2734441335773353,0.3864001383871472,38.516,-0.0014290928489204702,0.004769045839748976,0.019659797280792278,1.1765041666666676,,0.14986297394768147,,0.16982173073865525,,0.09831211171300526,27,5,V27,600,equal,300,300,0.792,0.843,NO_partial_2nd_layer,3.85,37.76,s,6.0x2,75,middle
37.747375000000005,37.44631666666667,-0.02754281150714455,0.2504940336525713,0.3564384200396115,38.178,0.012083065008253572,0.004792686018443318,0.018320267846451424,1.2648458333333341,,0.12922487780002284,,0.10745914579933662,,0.14374357976702049,27,6,V27,600,equal,300,300,0.792,0.843,NO_partial_2nd_layer,3.85,37.76,s,6.0x2,75,middle
37.764625,37.52452916666666,-0.0189379642007669,0.2529638568353936,0.35220772921505883,38.507,-0.015146394817286973,0.006631543393447039,0.018209510185861515,1.2567333333333366,,0.09523430001453169,,0.18314499590939393,,0.15788286661817114,27,7,V27,600,equal,300,300,0.792,0.843,NO_partial_2nd_layer,3.85,37.76,s,6.0x2,75,middle
37.824375,37.318149999999996,-0.03552116529800845,0.2617780515337838,0.3791276487656595,38.309,-0.021514300396314162,-0.006984719983529946,-0.01736765495257105,1.1948374999999984,,0.07394347206201653,,0.21924878907492248,,0.10204295941689728,27,8,V27,600,equal,300,300,0.792,0.843,NO_partial_2nd_layer,3.85,37.76,s,6.0x2,75,middle
37.6165,37.30599166666668,-0.032893925241757035,0.2643387377886835,0.36840780342363916,38.166,0.003403149799874039,0.007259822655394468,0.019696488875716615,1.354375000000001,,0.14701856937313926,,0.13358166229488677,,0.07962944925650134,27,9,V27,600,equal,300,300,0.792,0.843,NO_partial_2nd_layer,3.85,37.76,s,6.0x2,75,middle
37.7125,37.250258333333335,-0.03784771957846548,0.2574911797251342,0.358151968633405,38.193,0.015961658069000868,-0.007240130838380954,-0.020945723742836722,2.0541291666666694,,0.1742945899938401,,0.15363772149545313,,0.07825866499536013,27,10,V27,600,equal,300,300,0.792,0.843,NO_partial_2nd_layer,3.85,37.76,s,6.0x2,75,middle
37.59225,37.307741666666665,-0.02789197729127312,0.29270794564633196,0.40203719201796534,38.361,0.00024749109014325594,0.032258777555767906,0.08992521910905744,1.3978249999999992,,0.1380538433765258,,0.13218528871765942,,0.11869523737715712,28,1,V28,600,equal,300,300,0.792,0.843,NO_partial_2nd_layer,3.85,37.76,s,9.0x2,45,middle
37.941375,37.418108333333336,-0.03124603552145054,0.2517863267166341,0.37242789310798574,38.33,0.000324264626751589,-0.030611866173270934,-0.09093536506294658,1.3393041666666665,,0.11576770330359848,,0.13131307648735843,,0.03255273680444556,28,2,V28,600,equal,300,300,0.792,0.843,NO_partial_2nd_layer,3.85,37.76,s,9.0x2,45,middle
37.82575,37.27798333333333,-0.039505255299571634,0.26727197530550745,0.3655798454933785,38.843,-0.0012673281385896826,0.029770888099329963,0.08675468874551859,1.3878875000000015,,0.14450273030884872,,0.12163608259821475,,0.12079659275783777,28,3,V28,600,equal,300,300,0.792,0.843,NO_partial_2nd_layer,3.85,37.76,s,9.0x2,45,middle
37.716625,37.50568750000001,-0.01821880588204602,0.2532744337440528,0.36445717645946163,38.261,-0.002915965441352794,0.031125720842013368,0.08950985715123493,1.4350500000000004,,0.17393356947972524,,0.13232114047888163,,0.15254407714682142,28,4,V28,600,equal,300,300,0.792,0.843,NO_partial_2nd_layer,3.85,37.76,s,9.0x2,45,middle
37.780125,37.49166666666667,-0.019162235455476812,0.2610425991966653,0.3712406543348427,38.548,-0.007798795367468498,-0.03383085805250485,-0.09262941704092725,1.2913624999999982,,0.12076854223857182,,0.11866459036514632,,0.11600365033783451,28,5,V28,600,equal,300,300,0.792,0.843,NO_partial_2nd_layer,3.85,37.76,s,9.0x2,45,middle
37.9275,37.458962500000005,-0.025553259605201484,0.22367419888479928,0.3138226119946798,38.199,-0.0034470519414628825,0.028861766241478303,0.0843522725473744,1.3501833333333373,,0.13206872910630924,,0.1866739112262167,,0.1137863241999288,28,6,V28,600,equal,300,300,0.792,0.843,NO_partial_2nd_layer,3.85,37.76,s,9.0x2,45,middle
37.869749999999996,37.297824999999996,-0.033513658223233184,0.272975445050208,0.39935396574737886,38.299,-0.005314531506363281,0.03287812661316821,0.09175913833456692,1.3769499999999972,,0.12495191389807685,,0.142086560038651,,0.07217223142571878,28,7,V28,600,equal,300,300,0.792,0.843,NO_partial_2nd_layer,3.85,37.76,s,9.0x2,45,middle
37.70625,37.25730833333333,-0.03761784753207446,0.2731970995591953,0.3842955354637962,38.236,0.0018620253434441813,0.03199565524605247,0.09277935896069343,1.3696874999999995,,0.1381944445619652,,0.13061841978426542,,0.029083602867778155,28,8,V28,600,equal,300,300,0.792,0.843,NO_partial_2nd_layer,3.85,37.76,s,9.0x2,45,middle
37.707125,37.297650000000004,-0.03731335613465636,0.2591259656757754,0.3678701505949418,38.453,-0.0004640949017476624,0.034558466861230125,0.09596073499562323,1.3011500000000016,,0.12314157138935163,,0.23194261906158417,,0.150282261901864,28,9,V28,600,equal,300,300,0.792,0.843,NO_partial_2nd_layer,3.85,37.76,s,9.0x2,45,middle
37.83625,37.28035833333333,-0.03875806871647091,0.25795599257832946,0.36699232146836047,38.427,0.012896168193425853,-0.03573635216785969,-0.10219907988661649,1.3660625,,0.1175332764518988,,0.1537701691441795,,0.11338175853088299,28,10,V28,600,equal,300,300,0.792,0.843,NO_partial_2nd_layer,3.85,37.76,s,9.0x2,45,middle
37.639875,37.447604166666665,-0.022999937498914134,0.2692779733090496,0.38741549490227734,38.299,0.011956016855067699,0.018012636676528655,0.05422846749381791,0.9568124999999981,,0.13105498405908614,,0.14092354357738088,,0.15576106934282968,29,1,V29,600,equal,300,300,0.792,0.843,NO_partial_2nd_layer,3.85,37.76,s,9.0x2,60,middle
37.784625,37.23856666666667,-0.038716262435111136,0.2465473058891597,0.3706894063542465,38.259,-0.008007165535948622,-0.019650808384873666,-0.05593372923626137,0.9485041666666678,,0.11439053915505559,,0.11416847119646605,,0.134281089997429,29,2,V29,600,equal,300,300,0.792,0.843,NO_partial_2nd_layer,3.85,37.76,s,9.0x2,60,middle
37.92,37.35329583333333,-0.037022542058021274,0.2624638321265533,0.38060728835610985,38.693,-0.0015675392355907845,0.01763975670824501,0.05249381287564677,1.0235916666666682,,0.18094174662160176,,0.1265227361566178,,0.13267071959079538,29,3,V29,600,equal,300,300,0.792,0.843,NO_partial_2nd_layer,3.85,37.76,s,9.0x2,60,middle
37.846625,37.23435,-0.03986627545616898,0.28655546819815264,0.4167070652660903,38.126,0.012553591079667198,0.017336734008993833,0.0481749015063882,0.8134333333333341,,0.13943359047485063,,0.10651193096633557,,0.07694783262483683,29,4,V29,600,equal,300,300,0.792,0.843,NO_partial_2nd_layer,3.85,37.76,s,9.0x2,60,middle
37.800749999999994,37.44659166666667,-0.02544140002430538,0.25837967234972836,0.3800583747279312,38.306,-0.012038008052130579,-0.01876294453614582,-0.05219561363694199,0.9077583333333337,,0.11220901326826792,,0.11415907809290249,,0.14911425909852316,29,5,V29,600,equal,300,300,0.792,0.843,NO_partial_2nd_layer,3.85,37.76,s,9.0x2,60,middle
37.66125,37.33275833333334,-0.03460603829927488,0.23907455483371765,0.3430772385801761,38.407,0.033615689905656436,0.016220985634676166,0.049490918176011145,1.0078125,,0.13474989409110935,,0.14179746998874662,,0.11637207938953491,29,6,V29,600,equal,300,300,0.792,0.843,NO_partial_2nd_layer,3.85,37.76,s,9.0x2,60,middle
37.61450000000001,37.40042916666666,-0.029185850448792794,0.25602212951324727,0.3550262174301521,38.37,-0.0176999883313522,0.019319456145520164,0.05583514174002782,0.8747916666666669,,0.24053108589866104,,0.11773386307897246,,0.11459192372387342,29,7,V29,600,equal,300,300,0.792,0.843,NO_partial_2nd_layer,3.85,37.76,s,9.0x2,60,middle
37.81275,37.311425,-0.0302992343617078,0.2522550188328234,0.36208130342905964,38.111,0.00324792368472274,-0.018088956951372737,-0.05220682019772999,0.8621291666666675,,0.17233987604775064,,0.2018489646381148,,0.14335653027843864,29,8,V29,600,equal,300,300,0.792,0.843,NO_partial_2nd_layer,3.85,37.76,s,9.0x2,60,middle
37.883375,37.33433750000001,-0.031854882897273666,0.24951085988020202,0.3393267207735965,38.261,-0.0008982830260022188,-0.01928630618669058,-0.050583760427286316,0.9600458333333322,,0.14764311410441555,,0.1774529954830233,,0.13814449198761014,29,9,V29,600,equal,300,300,0.792,0.843,NO_partial_2nd_layer,3.85,37.76,s,9.0x2,60,middle
37.717,37.45821250000001,-0.025639358322192593,0.27653847742816146,0.4034643233930927,38.251,-0.022907244515546904,-0.01929945190264546,-0.05555609231072456,0.8946916666666649,,0.1115249601903702,,0.1681029879699952,,0.10503551610591277,29,10,V29,600,equal,300,300,0.792,0.843,NO_partial_2nd_layer,3.85,37.76,s,9.0x2,60,middle
37.734875,37.44298333333334,-0.024681859060053345,0.2717866757420893,0.3721088775296844,38.179,-0.016344183543083337,-0.007714937670117501,-0.019817215701003317,1.3484124999999985,,0.1194777884867434,,0.20874906411648375,,0.13727309714147465,30,1,V30,600,equal,300,300,0.792,0.843,NO_partial_2nd_layer,3.85,37.76,s,9.0x2,75,middle
37.938,37.479662499999996,-0.023597642320179076,0.27930566188352074,0.38993789334900014,38.453,-0.011160199403651367,0.007399968215260195,0.019713295059242315,1.3727624999999986,,0.12333344707424859,,0.11831841634050738,,0.10417756110126855,30,2,V30,600,equal,300,300,0.792,0.843,NO_partial_2nd_layer,3.85,37.76,s,9.0x2,75,middle
37.802625,37.38765,-0.029475789510233802,0.29006195528137835,0.43696277236756276,38.427,0.019229930516663326,-0.006916422271695799,-0.018481066166133736,0.8552666666666671,,0.15629708705358844,,0.16079672045780863,,0.13428652070517313,30,3,V30,600,equal,300,300,0.792,0.843,NO_partial_2nd_layer,3.85,37.76,s,9.0x2,75,middle
37.657624999999996,37.354037500000004,-0.02559642007673783,0.27016553900509066,0.3908617664879642,38.382,-0.0029501216867720524,0.007189084154573439,0.019374005129814357,1.3387958333333323,,0.17872233673820814,,0.13360310432150543,,0.13336057523717484,30,4,V30,600,equal,300,300,0.792,0.843,NO_partial_2nd_layer,3.85,37.76,s,9.0x2,75,middle
37.62025,37.27445833333333,-0.03568381395510306,0.27505668423000645,0.37203563625592573,38.296,0.007390482087213783,-0.00670598349899688,-0.02014633383391328,1.370637499999999,,0.2310028616096416,,0.14972329265284906,,0.08882684956996166,30,5,V30,600,equal,300,300,0.792,0.843,NO_partial_2nd_layer,3.85,37.76,s,9.0x2,75,middle
37.762875,37.4408375,-0.022581124672303308,0.257685148340853,0.36671539361788175,38.263,0.008022823232764887,0.006850748736107777,0.019881954960994052,1.3030375000000003,,0.13301718470185395,,0.1481439005780343,,0.1612723244420291,30,6,V30,600,equal,300,300,0.792,0.843,NO_partial_2nd_layer,3.85,37.76,s,9.0x2,75,middle
37.63125,37.391762500000006,-0.025283824371951025,0.28135142087817133,0.4140254474421918,38.358,0.0008628556392829579,-0.006284228181973512,-0.020542527005387647,1.11241666666667,,0.15560038080309044,,0.0901001727917519,,0.13476335552202687,30,7,V30,600,equal,300,300,0.792,0.843,NO_partial_2nd_layer,3.85,37.76,s,9.0x2,75,middle
37.69675,37.35185,-0.02989090088369571,0.2552312726284595,0.3572811089254215,38.428,-0.006294644521787805,0.006104548424062529,0.017372024913091953,1.2126666666666637,,0.0979608748822491,,0.19844518323601326,,0.11010072220266841,30,8,V30,600,equal,300,300,0.792,0.843,NO_partial_2nd_layer,3.85,37.76,s,9.0x2,75,middle
37.697625,37.41880833333333,-0.026034820048959035,0.25104803333449005,0.3638880638500697,38.15,-0.005540832868633544,-0.006041155749319135,-0.018106304283886984,0.8101916666666682,,0.08935087074496594,,0.12110373264283891,,0.15712738690820244,30,9,V30,600,equal,300,300,0.792,0.843,NO_partial_2nd_layer,3.85,37.76,s,9.0x2,75,middle
37.619875,37.24622083333334,-0.03712914807548758,0.2704168744541191,0.39454950212036866,38.173,0.022099153573972272,-0.007612507845091766,-0.019458692752136117,1.3364791666666669,,0.14627126546151184,,0.13430992771848643,,0.08553448836327668,30,10,V30,600,equal,300,300,0.792,0.843,NO_partial_2nd_layer,3.85,37.76,s,9.0x2,75,middle
37.86675,37.44307083333333,-0.02634897480859092,0.2535909290601702,0.3426814395873475,38.396,-0.00043255927369627257,0.03463063592304293,0.10087331726730764,1.3793208333333347,,0.13540511664796462,,0.1221564446043847,,0.1403554483370559,31,1,V31,600,equal,300,300,0.792,0.843,NO_partial_2nd_layer,3.85,37.76,s,7.5x2,45,middle_back
37.785375,37.33835416666666,-0.029899369780723908,0.2692058894775773,0.38784703450681723,38.256,0.004983062237559727,0.03079916862617582,0.08978146133804571,1.2229166666666664,,0.1713971860174785,,0.11378846956931431,,0.09436799489285727,31,2,V31,600,equal,300,300,0.792,0.843,NO_partial_2nd_layer,3.85,37.76,s,7.5x2,45,middle_back
37.812125,37.24341666666667,-0.03700547578950964,0.25393599899979574,0.370667671928039,38.285,-0.006672328721088878,0.030619355441024926,0.08925051690198348,1.2286458333333332,,0.09590829463006104,,0.12315569670194207,,0.032960204982882664,31,3,V31,600,equal,300,300,0.792,0.843,NO_partial_2nd_layer,3.85,37.76,s,7.5x2,45,middle_back
37.82175,37.48668750000001,-0.023268678275662393,0.26689960474613333,0.37589932886256977,38.854,0.010835672487716523,0.030496346559151483,0.08718108932229454,1.2587041666666643,,0.16079773004922124,,0.17928067169546152,,0.09982943114753623,31,4,V31,600,equal,300,300,0.792,0.843,NO_partial_2nd_layer,3.85,37.76,s,7.5x2,45,middle_back
37.631625,37.27295,-0.037728849459192096,0.2942649653932362,0.43326608693971247,38.128,-0.02282468348886947,0.02942791090186029,0.08874701860492759,1.244791666666666,,0.14484382089165074,,0.12596256342835344,,0.07948673386642455,31,5,V31,600,equal,300,300,0.792,0.843,NO_partial_2nd_layer,3.85,37.76,s,7.5x2,45,middle_back
37.662625,37.4587375,-0.017861396899251872,0.27271961466672207,0.3954047394124032,38.367,0.010009580799599639,0.035091793629502176,0.09875112893331804,1.2608708333333318,,0.1545136076184884,,0.16247564867099418,,0.13565033961440137,31,6,V31,600,equal,300,300,0.792,0.843,NO_partial_2nd_layer,3.85,37.76,s,7.5x2,45,middle_back
37.796875,37.27491666666667,-0.03654111356099872,0.2757851817605537,0.41087324598686453,38.256,0.006625102398897911,-0.035126306729815766,-0.10179583570732564,1.338095833333334,,0.08724516659798727,,0.11651238649432477,,0.09718498184650773,31,7,V31,600,equal,300,300,0.792,0.843,NO_partial_2nd_layer,3.85,37.76,s,7.5x2,45,middle_back
37.824875000000006,37.326366666666665,-0.02815598187468634,0.2654109062278276,0.37041877804683065,38.359,-0.010471407090483475,0.03164381133214855,0.09127059673653881,1.2394874999999992,,0.1164542692981738,,0.12408009645650385,,0.09899516731948906,31,8,V31,600,equal,300,300,0.792,0.843,NO_partial_2nd_layer,3.85,37.76,s,7.5x2,45,middle_back
37.58175,37.22983333333333,-0.041208236254099924,0.27038280549920196,0.37644744364156246,38.217,0.005620967825447614,-0.031736921668291194,-0.09022734361258535,0.6737833333333327,,0.1770881584299757,,0.14587538412578113,,0.13138821196313613,31,9,V31,600,equal,300,300,0.792,0.843,NO_partial_2nd_layer,3.85,37.76,s,7.5x2,45,middle_back
37.665625000000006,37.3364375,-0.031126967482074764,0.25090821659100293,0.34647868186577885,38.4,-0.017843520851219513,-0.03185691781379653,-0.08944660710195323,1.218658333333332,,0.224269711330455,,0.18750158054276056,,0.11156882442594036,31,10,V31,600,equal,300,300,0.792,0.843,NO_partial_2nd_layer,3.85,37.76,s,7.5x2,45,middle_back
37.675625,37.424499999999995,-0.026964433410300602,0.2965345761754571,0.40916426712206905,38.367,0.014103669199961703,0.01801224704683616,0.050898082691697266,0.44746666666666535,,0.1179148058078114,,0.1373845414554243,,0.1655165589434041,32,1,V32,600,equal,300,300,0.792,0.843,NO_partial_2nd_layer,3.85,37.76,s,7.5x2,60,middle_back
37.885000000000005,37.31475833333334,-0.03436017986423355,0.28200013033574856,0.3855169110466216,38.812,-0.022968096527195416,0.017709363935414293,0.05153716836834553,0.465204166666668,,0.17363830139193406,,0.18496804982434334,,0.12503920636664337,32,2,V32,600,equal,300,300,0.792,0.843,NO_partial_2nd_layer,3.85,37.76,s,7.5x2,60,middle_back
37.933125000000004,37.39336666666667,-0.030638073577665896,0.2914992933706034,0.41269923298179945,38.41,-0.007416553404300285,-0.019721452790723033,-0.05467675978933054,0.827041666666668,,0.10403968235992404,,0.13361734428054597,,0.11859884724122685,32,3,V32,600,equal,300,300,0.792,0.843,NO_partial_2nd_layer,3.85,37.76,s,7.5x2,60,middle_back
37.91425,37.4971,-0.024438542335804017,0.26791570433669515,0.39771220224667464,38.446,-0.01950235602014088,0.02105597044514211,0.05763747274380502,0.4957833333333337,,0.1330918629978854,,0.10086609670431969,,0.12593534971437254,32,4,V32,600,equal,300,300,0.792,0.843,NO_partial_2nd_layer,3.85,37.76,s,7.5x2,60,middle_back
37.6275,37.200874999999996,-0.04293562041007624,0.2591624919301468,0.35546916372567705,38.285,-0.004642127478903581,0.019899059579017664,0.0573698755652279,0.5682208333333314,,0.15166422251892053,,0.16018664529461188,,0.12539311081024762,32,5,V32,600,equal,300,300,0.792,0.843,NO_partial_2nd_layer,3.85,37.76,s,7.5x2,60,middle_back
37.804249999999996,37.35179166666667,-0.03240753485303534,0.2647648965860945,0.37324843936651625,38.199,-0.0008972280375891567,0.017045469761363348,0.048079869267694905,0.5519083333333352,,0.12716315157081762,,0.15008795731820787,,0.1323035281514201,32,6,V32,600,equal,300,300,0.792,0.843,NO_partial_2nd_layer,3.85,37.76,s,7.5x2,60,middle_back
37.782875000000004,37.447224999999996,-0.023583569159185754,0.2887653202326736,0.4344304933547892,38.639,-0.012204776872849122,0.0172691039170047,0.05305343224279727,0.5114916666666662,,0.10361583594457394,,0.13066723715360884,,0.10302971379792,32,7,V32,600,equal,300,300,0.792,0.843,NO_partial_2nd_layer,3.85,37.76,s,7.5x2,60,middle_back
37.663250000000005,37.33994166666666,-0.03337568360561656,0.2680629332035939,0.3890279862151016,38.41,-0.03055338883852525,0.0184237365657464,0.055013041213644275,0.5267583333333334,,0.12767823213590596,,0.12970816086351045,,0.16234128736745446,32,8,V32,600,equal,300,300,0.792,0.843,NO_partial_2nd_layer,3.85,37.76,s,7.5x2,60,middle_back
37.718374999999995,37.51690833333334,-0.020604559106928468,0.2611515145043648,0.37355417793055473,38.571,-0.008215001667727505,0.01871503838948068,0.050670554088398406,0.4747583333333356,,0.11271953986270121,,0.2061792640072949,,0.11791987618051201,32,9,V32,600,equal,300,300,0.792,0.843,NO_partial_2nd_layer,3.85,37.76,s,7.5x2,60,middle_back
37.928875,37.34461666666666,-0.03803492421743382,0.28017176672755284,0.39320573894346394,38.464,-0.010439655187132194,-0.02021352470387576,-0.055348894006917296,0.49069583333333355,,0.1127712662888182,,0.13539204421353226,,0.10941670417419959,32,10,V32,600,equal,300,300,0.792,0.843,NO_partial_2nd_layer,3.85,37.76,s,7.5x2,60,middle_back
37.68075,37.5215375,-0.018849775169707327,0.26571709789312653,0.3900264393998981,38.443,0.0061993496300319795,-0.006308686129880152,-0.018638109298202178,1.0488874999999958,,0.11949521816594157,,0.1479491178564105,,0.10554691023896712,33,1,V33,600,equal,300,300,0.792,0.843,NO_partial_2nd_layer,3.85,37.76,s,7.5x2,75,middle_back
37.891125,37.26990416666667,-0.04039699647563257,0.27961158277641207,0.39269366407867007,38.292,0.00379369363370021,-0.006143909589334185,-0.019843951429292468,0.9421333333333362,,0.13867695368537752,,0.11334524074184817,,0.12040230760370768,33,2,V33,600,equal,300,300,0.792,0.843,NO_partial_2nd_layer,3.85,37.76,s,7.5x2,75,middle_back
37.715500000000006,37.459175,-0.026160586121285634,0.2808602835175677,0.39640719629185156,38.305,-0.0174087032369264,0.00703687267898317,0.019629872558916673,1.0484833333333352,,0.13703565388457944,,0.12857918650466305,,0.08414874831839506,33,3,V33,600,equal,300,300,0.792,0.843,NO_partial_2nd_layer,3.85,37.76,s,7.5x2,75,middle_back
37.932625,37.31552083333333,-0.03745623708744913,0.2765180206781405,0.3738035194185671,38.402,-0.021395296567684838,0.006097951253251861,0.02093234143579315,1.1525749999999988,,0.11467583823069097,,0.18818724204204695,,0.14932855539084483,33,4,V33,600,equal,300,300,0.792,0.843,NO_partial_2nd_layer,3.85,37.76,s,7.5x2,75,middle_back
37.7945,37.39497500000001,-0.027897519054149552,0.2536544632228167,0.3417141321589658,38.195,-0.012482151745899495,-0.006577382781499404,-0.018723807673476433,0.729199999999997,,0.0933304646838856,,0.15803035018992792,,0.13638030080246624,33,5,V33,600,equal,300,300,0.792,0.843,NO_partial_2nd_layer,3.85,37.76,s,7.5x2,75,middle_back
37.828625,37.33759166666666,-0.03342402472265216,0.2771381378004653,0.38226790754400947,38.298,0.009777930254661662,0.007569911759096046,0.019571724318750837,1.0814250000000012,,0.1098379503608103,,0.15674502264725138,,0.1064250617567199,33,6,V33,600,equal,300,300,0.792,0.843,NO_partial_2nd_layer,3.85,37.76,s,7.5x2,75,middle_back
37.577375,37.25275833333333,-0.03820364936891311,0.26703296637240814,0.37810768650497223,38.184,0.004920408645646416,-0.006187736737975432,-0.01762993636764973,0.9674499999999995,,0.18604473680811984,,0.1542144060067575,,0.1339337757008586,33,7,V33,600,equal,300,300,0.792,0.843,NO_partial_2nd_layer,3.85,37.76,s,7.5x2,75,middle_back
37.774,37.40595833333334,-0.026169773780794575,0.24970900168897367,0.3789920567498714,38.223,0.020437557892395326,-0.006124056020985318,-0.016468038306438657,0.9689791666666672,,0.09359320295631846,,0.2330420609587654,,0.09123948348022114,33,8,V33,600,equal,300,300,0.792,0.843,NO_partial_2nd_layer,3.85,37.76,s,7.5x2,75,middle_back
37.539,37.3953625,-0.02600410076563891,0.27734396634122815,0.3871056584383379,38.48,0.0008479410341944488,-0.007283800105167009,-0.02059821816893768,1.0889916666666686,,0.11667991312158286,,0.17291846179218198,,0.15512066725534854,33,9,V33,600,equal,300,300,0.792,0.843,NO_partial_2nd_layer,3.85,37.76,s,7.5x2,75,middle_back
37.677375,37.21390833333333,-0.04082379207972341,0.2649781185492432,0.36456107041012703,38.498,0.003077052522345244,0.006613160350328211,0.01946103585647087,1.0393083333333344,,0.12131464188201697,,0.16564055330072958,,0.1643891007240107,33,10,V33,600,equal,300,300,0.792,0.843,NO_partial_2nd_layer,3.85,37.76,s,7.5x2,75,middle_back
37.67625,37.27168749999999,-0.0355512804041719,0.2729173931679348,0.38977124500270977,38.276,-0.0161397159113567,0.03107602404636097,0.08315131562749503,1.223958333333334,,0.09444473650448366,,0.1722732606217647,,0.0662544800658571,34,1,V34,600,equal,300,300,0.792,0.843,NO_partial_2nd_layer,3.85,37.76,s,6.0x2,45,middle_back
37.707125,37.311175,-0.03706787965068843,0.2530396658735402,0.36316135169372943,38.322,0.02556703603130433,-0.033339436698452206,-0.09367295925779574,1.3502291666666686,,0.14338151134873706,,0.11175379635038428,,0.041535336679187185,34,2,V34,600,equal,300,300,0.792,0.843,NO_partial_2nd_layer,3.85,37.76,s,6.0x2,45,middle_back
37.700125,37.394220833333335,-0.02875000954877581,0.250556636260484,0.35585811191526817,38.39,-0.015812421984594857,0.03366657573374841,0.09392153390838028,1.4245125000000023,,0.17584330275450152,,0.08136254620838657,,0.07886469828934653,34,3,V34,600,equal,300,300,0.792,0.843,NO_partial_2nd_layer,3.85,37.76,s,6.0x2,45,middle_back
37.682,37.30426250000001,-0.0352273511692917,0.2636047340651774,0.3907299413012636,38.613,-7.26610496722268e-05,0.030098546000865693,0.08693060422457694,1.3574541666666669,,0.13534070512410135,,0.17566996982360672,,0.09704258209880585,34,4,V34,600,equal,300,300,0.792,0.843,NO_partial_2nd_layer,3.85,37.76,s,6.0x2,45,middle_back
37.76625,37.47425833333333,-0.02331785621278087,0.2779208248023013,0.3788540914311766,38.829,0.006998237955674488,0.032678997579543505,0.09227603412525043,1.449795833333333,,0.10713421905959236,,0.11143297391117987,,0.13985915411950495,34,5,V34,600,equal,300,300,0.792,0.843,NO_partial_2nd_layer,3.85,37.76,s,6.0x2,45,middle_back
37.770500000000006,37.5069875,-0.015261073976978139,0.26672917696852566,0.3801136198779737,38.362,-0.007068410421065309,-0.03354647752492916,-0.09750777008353737,1.280825,,0.08107653448933512,,0.13673905401238012,,0.1260803158926901,34,6,V34,600,equal,300,300,0.792,0.843,NO_partial_2nd_layer,3.85,37.76,s,6.0x2,45,middle_back
37.663375,37.264808333333335,-0.036971857150297334,0.2685652338874195,0.38282444057459974,38.528,-0.014798665995577038,-0.03657256597852778,-0.10222188163602133,1.4690249999999985,,0.09253944419732042,,0.15944355581809305,,0.14244151475848058,34,7,V34,600,equal,300,300,0.792,0.843,NO_partial_2nd_layer,3.85,37.76,s,6.0x2,45,middle_back
37.86575,37.217741666666676,-0.04286325804267239,0.27991908135912297,0.3753477885149933,38.37,-0.010409350840054727,-0.03341712262838074,-0.0966865356804038,1.2899958333333306,,0.11739637031320385,,0.18425860409025765,,0.07391562659544496,34,8,V34,600,equal,300,300,0.792,0.843,NO_partial_2nd_layer,3.85,37.76,s,6.0x2,45,middle_back
37.787,37.481,-0.02123171582839953,0.26988001380417836,0.40307575832045095,38.48,0.004297592022224483,0.034112705513894864,0.09912827293028077,1.360266666666666,,0.05999660749763802,,0.155276422841101,,0.07012468851532692,34,9,V34,600,equal,300,300,0.792,0.843,NO_partial_2nd_layer,3.85,37.76,s,6.0x2,45,middle_back
37.529125,37.341816666666666,-0.028940155211027302,0.2864108729661429,0.4293889742568959,38.647,0.0027820765521025886,0.03155413849113866,0.08707978371104455,1.2727250000000012,,0.10442391197137232,,0.09348087547735519,,0.17546809694051393,34,10,V34,600,equal,300,300,0.792,0.843,NO_partial_2nd_layer,3.85,37.76,s,6.0x2,45,middle_back
37.70625,37.368625,-0.027091935623879935,0.2530205694148239,0.3689009176313996,38.219,0.011007796644462957,0.016404778025762463,0.048541577882081896,0.6893791666666669,,0.14171306649876922,,0.16112441387956664,,0.1055040139188254,35,1,V35,600,equal,300,300,0.792,0.843,NO_partial_2nd_layer,3.85,37.76,s,6.0x2,60,middle_back
37.881875,37.4154875,-0.027099807288319903,0.2570149109747539,0.35098996874411675,38.267,-0.020764231084837798,-0.01662197496151391,-0.04771620978366984,0.8493291666666671,,0.1734632999970775,,0.149564219357288,,0.17193710693879757,35,2,V35,600,equal,300,300,0.792,0.843,NO_partial_2nd_layer,3.85,37.76,s,6.0x2,60,middle_back
37.76225,37.4343,-0.027866893522457466,0.2746291552069063,0.3824687588083964,38.374,0.00581309132917119,-0.019347427161202985,-0.05470895343099891,0.8494625000000031,,0.13091603795019952,,0.1157516005175626,,0.12874937446202717,35,3,V35,600,equal,300,300,0.792,0.843,NO_partial_2nd_layer,3.85,37.76,s,6.0x2,60,middle_back
37.833625,37.380204166666665,-0.0303965034115171,0.2560241539367494,0.3816513721637548,38.239,0.0014092799388965706,-0.017605451320450653,-0.04747577013803829,0.8280750000000019,,0.08957996262183808,,0.22241858071134357,,0.0771714016587582,35,4,V35,600,equal,300,300,0.792,0.843,NO_partial_2nd_layer,3.85,37.76,s,6.0x2,60,middle_back
37.508375,37.36333333333334,-0.030808701539956504,0.25985558746201254,0.373687426717878,38.444,0.008712357403671751,0.018406200546587797,0.051773091041155926,0.7947833333333332,,0.1285431911675127,,0.1775800304369086,,0.11756078616585519,35,5,V35,600,equal,300,300,0.792,0.843,NO_partial_2nd_layer,3.85,37.76,s,6.0x2,60,middle_back
37.862,37.30004166666666,-0.040995718675670145,0.2757308749102387,0.37290922875014637,38.376,-0.011698055056800364,-0.016468961336133913,-0.05315392454824693,0.8096000000000014,,0.10526081548420584,,0.14664626946872253,,0.08483120143886277,35,6,V35,600,equal,300,300,0.792,0.843,NO_partial_2nd_layer,3.85,37.76,s,6.0x2,60,middle_back
37.697374999999994,37.33380416666667,-0.03213060990642214,0.26578784412342266,0.3800816802767641,38.595,0.011306316554667148,0.01691461846746669,0.04783788645684632,0.8642833333333328,,0.17647649238215068,,0.15312997971809258,,0.1361843109700319,35,7,V35,600,equal,300,300,0.792,0.843,NO_partial_2nd_layer,3.85,37.76,s,6.0x2,60,middle_back
37.81125,37.28657916666666,-0.03921119116651308,0.2883568661507872,0.40569761705654084,38.481,0.0026425345630093746,-0.020253026985251416,-0.0561065905985973,0.7845625000000016,,0.11109124999945767,,0.09254123972935958,,0.14791540203751397,35,8,V35,600,equal,300,300,0.792,0.843,NO_partial_2nd_layer,3.85,37.76,s,6.0x2,60,middle_back
37.737,37.285870833333334,-0.03777064532370216,0.26397807001763296,0.3688415314383772,38.383,-0.0003514208584254337,-0.018410043804074315,-0.05517387586380383,0.854849999999999,,0.10874121262585089,,0.11965267529578144,,0.1071303346290824,35,9,V35,600,equal,300,300,0.792,0.843,NO_partial_2nd_layer,3.85,37.76,s,6.0x2,60,middle_back
37.82275,37.37670833333333,-0.02910974843313137,0.2732859935097215,0.3920815494544393,38.119,-0.016820252355286412,0.019531921813423187,0.055191108581686604,1.461725000000003,,0.10924197088062787,,0.14465258154052335,,0.14143827021996755,35,10,V35,600,equal,300,300,0.792,0.843,NO_partial_2nd_layer,3.85,37.76,s,6.0x2,60,middle_back
37.701,37.24984166666666,-0.035715731175887916,0.2888987888721264,0.4106260553376704,38.499,0.0005067911416839133,0.006108910402535552,0.016092514038728276,1.0927958333333336,,0.13161801683072183,,0.16249123591270012,,0.06807181825687675,36,1,V36,600,equal,300,300,0.792,0.843,NO_partial_2nd_layer,3.85,37.76,s,6.0x2,75,middle_back
37.665,37.43307500000001,-0.02292373825934405,0.2351646843522811,0.33749320774197333,38.155,0.018990467621692934,0.005112934431600609,0.018786238284759272,0.7276624999999992,,0.20492730618979835,,0.12590908300274245,,0.11028187760825148,36,2,V36,600,equal,300,300,0.792,0.843,NO_partial_2nd_layer,3.85,37.76,s,6.0x2,75,middle_back
37.870000000000005,37.2074875,-0.041209795308947555,0.27412257397820394,0.40587504518171036,38.279,0.010661868725409338,-0.00747345786856599,-0.019530850563429278,1.2725791666666666,,0.15715757617100182,,0.15749478159852184,,0.12475954011799058,36,3,V36,600,equal,300,300,0.792,0.843,NO_partial_2nd_layer,3.85,37.76,s,6.0x2,75,middle_back
37.714,37.433033333333334,-0.022385277522180155,0.262995648188621,0.38500503175541384,38.356,-0.0044048406525445056,-0.005410675766824014,-0.01670439180427352,1.2326083333333333,,0.11529910885325817,,0.1683211965290288,,0.13191568510312535,36,4,V36,600,equal,300,300,0.792,0.843,NO_partial_2nd_layer,3.85,37.76,s,6.0x2,75,middle_back
37.753,37.307966666666665,-0.03442170176565554,0.2512786472563967,0.35111507369960543,38.211,-0.00648404287884747,0.0065839942273274565,0.016848868919005878,1.1804958333333353,,0.10619909430086362,,0.0718616713938813,,0.05719195552998913,36,5,V36,600,equal,300,300,0.792,0.843,NO_partial_2nd_layer,3.85,37.76,s,6.0x2,75,middle_back
37.650125,37.290000000000006,-0.03399713883921575,0.27356246317987876,0.3950999238050992,38.219,-0.004889132102411358,0.006695948798407706,0.020102114703609796,1.2145624999999995,,0.18633851107678015,,0.22293440948867183,,0.11138102151795283,36,6,V36,600,equal,300,300,0.792,0.843,NO_partial_2nd_layer,3.85,37.76,s,6.0x2,75,middle_back
37.813500000000005,37.41433333333334,-0.028042521571555453,0.2585268908352471,0.37928882471317504,38.391,0.00420934651013445,-0.0074817149452241,-0.019812253075145822,1.089462499999998,,0.169754404512769,,0.09689513513951484,,0.11486040182760741,36,7,V36,600,equal,300,300,0.792,0.843,NO_partial_2nd_layer,3.85,37.76,s,6.0x2,75,middle_back
37.84025,37.470400000000005,-0.02329255716245018,0.254375929152827,0.3598083985706954,38.554,0.010771802788159384,0.00787678618043967,0.020141189181533296,1.6057666666666677,,0.1466588336226551,,0.08259559122701988,,0.0885767566877453,36,8,V36,600,equal,300,300,0.792,0.843,NO_partial_2nd_layer,3.85,37.76,s,6.0x2,75,middle_back
37.731125,37.4391,-0.022639768051527655,0.2645986427673021,0.378870502600276,38.385,0.013870177167327372,-0.006315876553867724,-0.01823656097296441,1.2515666666666654,,0.17665270530220015,,0.13760629686940334,,0.12662171378374704,36,9,V36,600,equal,300,300,0.792,0.843,NO_partial_2nd_layer,3.85,37.76,s,6.0x2,75,middle_back
37.828625,37.2988,-0.03153189465094772,0.26463816697958265,0.378986139223916,38.226,-0.014177291013403523,-0.0068927425447042785,-0.018114273778213005,1.1050500000000003,,0.1740493346465564,,0.15236770304018257,,0.11025278887787732,36,10,V36,600,equal,300,300,0.792,0.843,NO_partial_2nd_layer,3.85,37.76,s,6.0x2,75,middle_back
37.692875,37.259687500000005,-0.03916558620809296,0.25919974878867375,0.36558573967592506,38.164,-0.0004170957611538198,-0.03371663751193912,-0.09716756800912872,1.2798124999999985,,0.12550033686356,,0.144645564509682,,0.2262218264818025,37,1,V37,600,equal,300,300,0.792,0.843,NO_partial_2nd_layer,3.85,37.76,s,9.0x2,45,middle_back
37.819374999999994,37.4222125,-0.024992048473064393,0.27676658778154634,0.4010238517932729,38.623,0.017898868377184074,0.02913531733306269,0.08503141898916414,1.3155833333333327,,0.18043611262213144,,0.09219019887515838,,0.14243808455672516,37,2,V37,600,equal,300,300,0.792,0.843,NO_partial_2nd_layer,3.85,37.76,s,9.0x2,45,middle_back
37.815,37.35655833333333,-0.029287057066961643,0.2592241984501497,0.36074727184312777,38.174,0.0034130101889740102,-0.03025227200244415,-0.08927363817097424,1.278991666666668,,0.17145764725905493,,0.10403329213257291,,0.11385019244822317,37,3,V37,600,equal,300,300,0.792,0.843,NO_partial_2nd_layer,3.85,37.76,s,9.0x2,45,middle_back
37.76775,37.42985416666667,-0.023425285161200574,0.2587027062287937,0.39039586710721397,38.264,0.003941106294970948,0.034228940023494164,0.0947885876466772,2.0294000000000008,,0.12161757791842005,,0.14231297867002318,,0.07515861996698064,37,4,V37,600,equal,300,300,0.792,0.843,NO_partial_2nd_layer,3.85,37.76,s,9.0x2,45,middle_back
37.760999999999996,37.346000000000004,-0.031306522682684926,0.26386310968056326,0.4056628131732458,38.346,-0.015289891604863565,-0.029108298307292457,-0.0832132564841498,1.139308333333334,,0.11588624184480129,,0.14976111695996927,,0.11300912305351195,37,5,V37,600,equal,300,300,0.792,0.843,NO_partial_2nd_layer,3.85,37.76,s,9.0x2,45,middle_back
37.77175,37.430575,-0.02353218632267815,0.25027016589519585,0.3560666161639469,38.246,-0.014536113150606265,0.03304714488925003,0.09683701848100092,1.2994166666666676,,0.10170918189160066,,0.14926599130009147,,0.0880898911758014,37,6,V37,600,equal,300,300,0.792,0.843,NO_partial_2nd_layer,3.85,37.76,s,9.0x2,45,middle_back
37.677,37.46211666666667,-0.019250660601747228,0.2584812189921244,0.3686316379786577,38.23,0.0015340513884276675,-0.03293996599474064,-0.09554635690375411,1.3672624999999972,,0.17616085575867654,,0.1410164353675901,,0.1489530003341141,37,7,V37,600,equal,300,300,0.792,0.843,NO_partial_2nd_layer,3.85,37.76,s,9.0x2,45,middle_back
37.839625,37.32317083333333,-0.03543520200003594,0.24425153235160812,0.3340302206156183,38.188,0.027808728715199467,-0.03439683726321817,-0.09955407026081252,1.171037499999997,,0.2038200657894777,,0.09123266786910968,,0.09224449885343623,37,8,V37,600,equal,300,300,0.792,0.843,NO_partial_2nd_layer,3.85,37.76,s,9.0x2,45,middle_back
37.84775,37.23569583333334,-0.041569961284049384,0.2655023270007497,0.3637164454897047,38.326,0.005535680822852874,-0.03485466254483768,-0.10096050505765641,1.3028458333333361,,0.1239752050034242,,0.17986163665288582,,0.04651894720806547,37,9,V37,600,equal,300,300,0.792,0.843,NO_partial_2nd_layer,3.85,37.76,s,9.0x2,45,middle_back
37.81675,37.43979583333333,-0.026866317123561058,0.26596525958847744,0.3691006144648454,38.36,-0.0032915912075462263,0.03596772369443391,0.10240356508874815,1.6484416666666668,,0.09784434308199597,,0.16093268144757214,,0.022325532527133794,37,10,V37,600,equal,300,300,0.792,0.843,NO_partial_2nd_layer,3.85,37.76,s,9.0x2,45,middle_back
37.7265,37.3491625,-0.03261647250820256,0.25315114137359834,0.3555723949260867,38.171,0.0004089058876251549,0.017570151257714346,0.04753833857802513,0.6878833333333336,,0.13071724860087655,,0.12858252249062557,,0.14285841874303526,38,1,V38,600,equal,300,300,0.792,0.843,NO_partial_2nd_layer,3.85,37.76,s,9.0x2,60,middle_back
37.781375000000004,37.333783333333336,-0.03209133491900849,0.266332284458144,0.3703435360959246,38.372,0.012877315980824481,-0.016605394494405776,-0.04874353690790741,0.5632583333333336,,0.17646713319132837,,0.2266864859354763,,0.10615953037688683,38,2,V38,600,equal,300,300,0.792,0.843,NO_partial_2nd_layer,3.85,37.76,s,9.0x2,60,middle_back
37.848625,37.33871666666666,-0.03257260716331834,0.2666431527220483,0.3532519695272704,38.251,-0.0022455113024758707,-0.019640908009161847,-0.05402113479685906,0.6977125000000015,,0.14102748024004094,,0.17534097014695618,,0.10671157344672891,38,3,V38,600,equal,300,300,0.792,0.843,NO_partial_2nd_layer,3.85,37.76,s,9.0x2,60,middle_back
37.851875,37.44088750000001,-0.022018767686938567,0.28402692890625664,0.4123071782118534,38.334,0.010573506584590674,0.018484255654642796,0.054336470503471464,0.7189250000000005,,0.14518100569830886,,0.18952632007222597,,0.17199626741505053,38,4,V38,600,equal,300,300,0.792,0.843,NO_partial_2nd_layer,3.85,37.76,s,9.0x2,60,middle_back
37.676125,37.263462499999996,-0.04128780360770113,0.26881456816910143,0.3841539527510104,38.595,-0.01453163501751517,0.019349905989234265,0.05561662494502112,0.5773458333333341,,0.13912641829285144,,0.1459378604284175,,0.13768784567233439,38,5,V38,600,equal,300,300,0.792,0.843,NO_partial_2nd_layer,3.85,37.76,s,9.0x2,60,middle_back
37.650625,37.431920833333336,-0.022114831854718724,0.24940120075865876,0.34401809210962236,38.185,0.004958710604759484,-0.01950745442289067,-0.056365696843893434,0.7083250000000003,,0.12089985283667655,,0.18566826810363823,,0.15948201483245422,38,6,V38,600,equal,300,300,0.792,0.843,NO_partial_2nd_layer,3.85,37.76,s,9.0x2,60,middle_back
37.707750000000004,37.28109583333333,-0.03427000815986196,0.2598990953179464,0.367538567127805,38.126,-0.0202346129073323,0.01925741416142874,0.05523543179515149,0.693695833333333,,0.15796198885715224,,0.1186690499666834,,0.1287258341845014,38,7,V38,600,equal,300,300,0.792,0.843,NO_partial_2nd_layer,3.85,37.76,s,9.0x2,60,middle_back
37.864374999999995,37.23726666666666,-0.03506990746367065,0.26733231430654125,0.3869683314429606,38.447,-0.006402991291544393,0.020550488282233464,0.05165258947519398,0.7378583333333317,,0.1158117093133188,,0.1619874881001059,,0.11390309237492827,38,8,V38,600,equal,300,300,0.792,0.843,NO_partial_2nd_layer,3.85,37.76,s,9.0x2,60,middle_back
37.911500000000004,37.41294166666667,-0.028187829649820417,0.27466235449764814,0.3759990596890228,38.287,0.0034930457755527585,-0.017631245359978853,-0.05146696899425453,0.6224333333333334,,0.14477949329776038,,0.10394849739949498,,0.09207763776628167,38,9,V38,600,equal,300,300,0.792,0.843,NO_partial_2nd_layer,3.85,37.76,s,9.0x2,60,middle_back
37.719375,37.45334166666667,-0.022729144603204153,0.24375742011040782,0.3580321506799385,38.301,-0.0026824030659949026,0.020072604887463753,0.05567358688543355,0.652608333333335,,0.13188452716743326,,0.18441949736821978,,0.1317080260519305,38,10,V38,600,equal,300,300,0.792,0.843,NO_partial_2nd_layer,3.85,37.76,s,9.0x2,60,middle_back
37.6755,37.40080833333333,-0.022345679612490763,0.2735509098837489,0.40022385472534383,38.262,0.026402945428869222,0.006692912858983713,0.017634516268902913,1.1532916666666662,,0.10892098974014014,,0.1132838089622188,,0.12488375837909411,39,1,V39,600,equal,300,300,0.792,0.843,NO_partial_2nd_layer,3.85,37.76,s,9.0x2,75,middle_back
37.646375000000006,37.42335833333333,-0.02115182555252811,0.2684539063481971,0.39205279402835447,38.216,0.002991923880560782,0.005611514781555246,0.01918652784507335,1.2583791666666677,,0.13079520912572218,,0.1534775102903543,,0.1378055359120375,39,2,V39,600,equal,300,300,0.792,0.843,NO_partial_2nd_layer,3.85,37.76,s,9.0x2,75,middle_back
37.647375000000004,37.43005,-0.02586171982152337,0.2500971517117214,0.3577306494741843,38.345,0.01124125434330737,-0.0074971561704922345,-0.020428461418318156,1.1364333333333345,,0.16401597356289435,,0.13260343935910562,,0.07362353615347815,39,3,V39,600,equal,300,300,0.792,0.843,NO_partial_2nd_layer,3.85,37.76,s,9.0x2,75,middle_back
37.734125,37.2515625,-0.03746574419694874,0.26723104801027603,0.38367253078460123,38.258,-0.007943047879195165,-0.006124318461874603,-0.017014777498698255,1.4880083333333314,,0.1846182546156927,,0.12935687509288923,,0.10468183746781977,39,4,V39,600,equal,300,300,0.792,0.843,NO_partial_2nd_layer,3.85,37.76,s,9.0x2,75,middle_back
37.68625,37.245808333333336,-0.04201878504834994,0.27045587734446075,0.3877312132442389,38.383,-0.0002468360665984082,0.0054082412029286195,0.018183190849286802,1.2255208333333325,,0.18695280476025317,,0.12178746161013844,,0.08812173905049611,39,5,V39,600,equal,300,300,0.792,0.843,NO_partial_2nd_layer,3.85,37.76,s,9.0x2,75,middle_back
37.5515,37.22880833333333,-0.035847657077379864,0.2688415537077297,0.37005704637693576,38.434,-0.007228289149885988,-0.0075367617473966675,-0.019838248446147896,1.1483499999999989,,0.12206615140659244,,0.17477668426907303,,0.1716548348494822,39,6,V39,600,equal,300,300,0.792,0.843,NO_partial_2nd_layer,3.85,37.76,s,9.0x2,75,middle_back
37.75025,37.37247083333333,-0.031127495269014132,0.3055010315901013,0.43770876907733614,38.359,-0.011537307858830604,0.005171081289959953,0.016325882440327552,1.109604166666669,,0.11853031812080515,,0.1553458141052875,,0.13804661515870462,39,7,V39,600,equal,300,300,0.792,0.843,NO_partial_2nd_layer,3.85,37.76,s,9.0x2,75,middle_back
37.843500000000006,37.26112500000001,-0.040457396829805245,0.26203222211129756,0.3775711687188243,38.304,0.006355665613406021,0.0067056748715900475,0.018213388811894816,1.070270833333332,,0.10749233623955302,,0.13757824952353118,,0.11602663198582777,39,8,V39,600,equal,300,300,0.792,0.843,NO_partial_2nd_layer,3.85,37.76,s,9.0x2,75,middle_back
37.811125000000004,37.489933333333326,-0.01816525981353835,0.24998105009313948,0.35393301850768044,38.252,0.014229550307783114,-0.007578040617124132,-0.020108489906393762,1.0497250000000005,,0.12272500450020869,,0.17853836121236716,,0.06809277964472679,39,9,V39,600,equal,300,300,0.792,0.843,NO_partial_2nd_layer,3.85,37.76,s,9.0x2,75,middle_back
37.671,37.27138333333334,-0.03887922359763093,0.2649760571768946,0.36721836901758187,38.249,0.001006380748083328,0.008139336407536717,0.019373697075989574,1.0725499999999997,,0.12183300736719489,,0.14630813669941503,,0.07040898889428651,39,10,V39,600,equal,300,300,0.792,0.843,NO_partial_2nd_layer,3.85,37.76,s,9.0x2,75,middle_back
37.906,37.49260833333334,-0.02327406378582932,0.264983361482761,0.3841087548661881,38.35,-0.016169878694253906,-0.052922552882510625,-0.14891604107233888,1.3136083333333328,,0.11022533844442511,,0.12619644478770536,,0.1082994006903567,40,1,V40,600,equal,300,300,0.792,0.843,NO_partial_2nd_layer,3.85,37.76,straight,7.5x2,45,middle_back
37.710375,37.4459125,-0.02465677876351958,0.26432946492890047,0.3759981026837204,38.516,-0.011169099293124244,-0.05777454839790078,-0.16367892674314174,1.217833333333333,,0.19143084265898622,,0.17567174473277847,,0.07862504045635153,40,2,V40,600,equal,300,300,0.792,0.843,NO_partial_2nd_layer,3.85,37.76,straight,7.5x2,45,middle_back
37.414375,37.255495833333335,-0.039152030417193125,0.2564341880897247,0.3503000566758633,38.726,-0.0224806248158681,0.05625140686385177,0.15890851439589823,1.27285,,0.11348691374537817,,0.22699330328623454,,0.06354603244480425,40,3,V40,600,equal,300,300,0.792,0.843,NO_partial_2nd_layer,3.85,37.76,straight,7.5x2,45,middle_back
37.878875,37.376270833333336,-0.03132904737929487,0.27098490381513585,0.3722700183028396,38.275,0.021625293204080107,-0.049960856830934285,-0.1379250892863615,1.5274624999999986,,0.15583455831051365,,0.10116563360780273,,0.1244666440466143,40,4,V40,600,equal,300,300,0.792,0.843,NO_partial_2nd_layer,3.85,37.76,straight,7.5x2,45,middle_back
37.77225,37.429383333333334,-0.02534701644125666,0.2699952093793798,0.38510718499276836,38.22,-0.012866847950938709,0.05206726154027157,0.14853126010096704,1.384933333333331,,0.16176780183022638,,0.16520073101669708,,0.08882469928462057,40,5,V40,600,equal,300,300,0.792,0.843,NO_partial_2nd_layer,3.85,37.76,straight,7.5x2,45,middle_back
37.783125,37.421525,-0.027165846629281284,0.281902734808593,0.3828794232126679,38.411,0.019066460657018513,-0.05050884644895503,-0.14292488947697482,1.2811458333333334,,0.15110945218410593,,0.12134237421648249,,0.08972488345248081,40,6,V40,600,equal,300,300,0.792,0.843,NO_partial_2nd_layer,3.85,37.76,straight,7.5x2,45,middle_back
37.636375,37.369908333333335,-0.03153482525738307,0.28539261754068296,0.39903101252155215,38.388,-0.011572353153397417,0.053757094651160235,0.15374297062796852,1.2957791666666658,,0.12815579973606142,,0.1515039797896468,,0.06899511628750234,40,7,V40,600,equal,300,300,0.792,0.843,NO_partial_2nd_layer,3.85,37.76,straight,7.5x2,45,middle_back
37.9495,37.428866666666664,-0.027314425597665098,0.2501055582108591,0.3422160063163024,38.309,-0.008163162963431279,0.04955290499068277,0.1400524157368871,1.3528375000000015,,0.117086811498443,,0.2193090702399319,,0.13263030533974865,40,8,V40,600,equal,300,300,0.792,0.843,NO_partial_2nd_layer,3.85,37.76,straight,7.5x2,45,middle_back
37.824375,37.488037500000004,-0.021347936596120838,0.25426880408243335,0.3686037774764041,38.242,-0.016081593877408467,-0.04843515077220066,-0.13965796597785127,1.4955583333333333,,0.1590988051033691,,0.12503444747259826,,0.11841133048194057,40,9,V40,600,equal,300,300,0.792,0.843,NO_partial_2nd_layer,3.85,37.76,straight,7.5x2,45,middle_back
37.64475,37.41865416666667,-0.024881136825292905,0.2564602495236106,0.3513321569666354,38.367,-0.0050796568153176,0.05388511606687811,0.15778210568468767,1.2567458333333317,,0.17661400666645566,,0.15454989472730424,,0.1147455688293841,40,10,V40,600,equal,300,300,0.792,0.843,NO_partial_2nd_layer,3.85,37.76,straight,7.5x2,45,middle_back
37.77075,37.23872083333333,-0.0416893522456992,0.2524297409635311,0.3522190028113511,38.387,-0.01245465010753841,0.027665836327736698,0.08146963191462755,0.7557916666666635,,0.14622697719577396,,0.16818083097190328,,0.09300221471178452,41,1,V41,600,equal,300,300,0.792,0.843,NO_partial_2nd_layer,3.85,37.76,straight,7.5x2,60,middle_back
37.73725,37.2849375,-0.03402140662164136,0.2619682695024114,0.3744266747015143,38.208,-0.012286653094827866,0.027491700678811137,0.08299455815257145,0.9090833333333332,,0.12572539507537325,,0.13282925316491265,,0.0879486693639342,41,2,V41,600,equal,300,300,0.792,0.843,NO_partial_2nd_layer,3.85,37.76,straight,7.5x2,60,middle_back
37.68025,37.490216666666676,-0.025326974426639996,0.2906976936561506,0.40994117345099235,38.442,0.019919870988292277,-0.030742219739727045,-0.09215556211881328,0.8218041666666664,,0.15941709237830548,,0.16516364181176257,,0.10847780673044599,41,3,V41,600,equal,300,300,0.792,0.843,NO_partial_2nd_layer,3.85,37.76,straight,7.5x2,60,middle_back
37.8215,37.399370833333336,-0.02834574558586103,0.2654171544710878,0.370060161342115,38.262,0.003985649024698222,-0.030228618030039105,-0.08880835359866174,0.9373916666666666,,0.13154487121990643,,0.15676351545479225,,0.14777626404920785,41,4,V41,600,equal,300,300,0.792,0.843,NO_partial_2nd_layer,3.85,37.76,straight,7.5x2,60,middle_back
37.804125,37.25412083333333,-0.042130721019461234,0.26561504426397337,0.3943809671882439,38.182,-0.012092597692473402,0.030163940366653992,0.08786095236800039,0.900291666666666,,0.10855691001562784,,0.13018285913488925,,0.20446909107534023,41,5,V41,600,equal,300,300,0.792,0.843,NO_partial_2nd_layer,3.85,37.76,straight,7.5x2,60,middle_back
37.909125,37.478658333333335,-0.02223639993749936,0.24668836465982477,0.34233218104018814,38.356,-0.010190225634024764,-0.02821753383654127,-0.0776151498022936,0.9397458333333333,,0.11643136403312603,,0.12399003762328765,,0.13875242709694463,41,6,V41,600,equal,300,300,0.792,0.843,NO_partial_2nd_layer,3.85,37.76,straight,7.5x2,60,middle_back
37.735,37.442833333333326,-0.020092057153768998,0.2619090633743379,0.3715751949780993,38.259,0.012856611408522513,-0.031912059739557415,-0.09215149474896442,0.8578416666666673,,0.11743725952704598,,0.1253888719240242,,0.10779988449614315,41,7,V41,600,equal,300,300,0.792,0.843,NO_partial_2nd_layer,3.85,37.76,straight,7.5x2,60,middle_back
37.651125,37.4123875,-0.027483501449678014,0.27323548811968945,0.351574319443344,38.387,0.006300168830776724,0.031740529536465306,0.09154004405777384,0.9321124999999988,,0.13955054824678845,,0.12715954913440508,,0.11224081550770912,41,8,V41,600,equal,300,300,0.792,0.843,NO_partial_2nd_layer,3.85,37.76,straight,7.5x2,60,middle_back
37.6605,37.26236666666667,-0.039283327835553675,0.27128228496036466,0.36702156971489175,38.359,0.016841207839998606,-0.02769018244975215,-0.07638191019891932,0.8877208333333328,,0.15587981462018272,,0.15645710657179715,,0.15252496579658673,41,9,V41,600,equal,300,300,0.792,0.843,NO_partial_2nd_layer,3.85,37.76,straight,7.5x2,60,middle_back
37.65175000000001,37.49017083333333,-0.018456941960796728,0.2566616752805984,0.375895499811108,38.252,-0.005615834131772709,0.030617987730413024,0.08535306570004662,0.8500499999999995,,0.11171760220499535,,0.1737831706102451,,0.11101946513860042,41,10,V41,600,equal,300,300,0.792,0.843,NO_partial_2nd_layer,3.85,37.76,straight,7.5x2,60,middle_back
37.56075,37.28019166666666,-0.03463422628865016,0.27015560859515403,0.3928808575138734,38.198,-0.00381107151611014,-0.00964827332319258,-0.02722800901350002,0.6684458333333314,,0.13312373132084362,,0.12711465875141545,,0.15072924856254852,42,1,V42,600,equal,300,300,0.792,0.843,NO_partial_2nd_layer,3.85,37.76,straight,7.5x2,75,middle_back
37.69725,37.3675625,-0.029425903227487053,0.2520298064186403,0.3430973000799854,38.445,-0.0002848020206615946,0.008851760115293724,0.027963566397270465,1.0654374999999998,,0.1047629370611754,,0.14058172565987198,,0.13612662090477093,42,2,V42,600,equal,300,300,0.792,0.843,NO_partial_2nd_layer,3.85,37.76,straight,7.5x2,75,middle_back
37.846374999999995,37.5067,-0.02039377072518573,0.2504628918917147,0.3499283309766212,38.295,0.010507861113309105,-0.010245765083765434,-0.03024252505172613,0.6745083333333319,,0.11495589047079592,,0.16960363150180907,,0.1870344260054313,42,3,V42,600,equal,300,300,0.792,0.843,NO_partial_2nd_layer,3.85,37.76,straight,7.5x2,75,middle_back
37.71,37.352608333333336,-0.033445052865501035,0.26607585569231285,0.3585973313134168,38.219,-0.011417022283092826,0.009776602687461323,0.02884720308380213,1.3677833333333353,,0.11978878050134527,,0.15916249782729955,,0.0855681052210089,42,4,V42,600,equal,300,300,0.792,0.843,NO_partial_2nd_layer,3.85,37.76,straight,7.5x2,75,middle_back
37.818124999999995,37.21877916666667,-0.042026371985625165,0.2659614498802833,0.35397675620449215,38.314,-0.014866976406875223,0.010848379628463477,0.030374886787478947,0.7286166666666674,,0.14055740197903127,,0.23061748766713833,,0.1606114557471004,42,5,V42,600,equal,300,300,0.792,0.843,NO_partial_2nd_layer,3.85,37.76,straight,7.5x2,75,middle_back
37.745,37.32282916666667,-0.03590130036979619,0.244568720316768,0.33649235444882075,38.388,0.0005941991565539052,-0.011993168961039604,-0.02971098936857699,0.6758166666666661,,0.11328090855458314,,0.15466900967018304,,0.14330737142702574,42,6,V42,600,equal,300,300,0.792,0.843,NO_partial_2nd_layer,3.85,37.76,straight,7.5x2,75,middle_back
37.61575,37.402025,-0.024812597440928157,0.2517991626403395,0.3465585196346798,38.34,-0.017973403506574087,-0.009815376252746725,-0.02667824397289506,0.7250708333333318,,0.20519200342476612,,0.1244196359967017,,0.12171304604849037,42,7,V42,600,equal,300,300,0.792,0.843,NO_partial_2nd_layer,3.85,37.76,straight,7.5x2,75,middle_back
37.584624999999996,37.25752083333334,-0.036464435146442535,0.2638981721480925,0.3791998126422924,38.239,0.0040999576625461095,0.00989509998838399,0.029970205212255095,0.616570833333336,,0.12255291394406947,,0.1488949050006561,,0.1094460976026415,42,8,V42,600,equal,300,300,0.792,0.843,NO_partial_2nd_layer,3.85,37.76,straight,7.5x2,75,middle_back
37.764875,37.278995833333326,-0.04216258962829176,0.24988993549764624,0.3584297810587044,38.138,-0.0028701586528341702,-0.010068467457658372,-0.028262321234959753,0.672129166666668,,0.12624758907311895,,0.15591325375746093,,0.1009862416509948,42,9,V42,600,equal,300,300,0.792,0.843,NO_partial_2nd_layer,3.85,37.76,straight,7.5x2,75,middle_back
37.708875000000006,37.33171666666667,-0.032819854511363225,0.2670925872382343,0.3823329399717574,38.311,0.00819983731412378,0.010958788582994337,0.03326488038090642,0.7242999999999995,,0.094191004904356,,0.15962830907098224,,0.12468811817775413,42,10,V42,600,equal,300,300,0.792,0.843,NO_partial_2nd_layer,3.85,37.76,straight,7.5x2,75,middle_back
37.71875,37.35217916666667,-0.029964190350526883,0.2537831523029404,0.36446644099406306,38.201,-0.015879081462330087,-0.05485176468699643,-0.15539154820421022,1.4286916666666674,,0.10817187868592369,,0.21416406787093334,,0.13571056591260122,43,1,V43,600,equal,300,300,0.792,0.843,NO_partial_2nd_layer,3.85,37.76,straight,6.0x2,45,middle_back
37.649625,37.44135416666666,-0.026153096407923317,0.27387349961536184,0.38994356420333254,38.329,-0.00415614204197668,0.05120203336269496,0.15387402998783878,1.2750125000000008,,0.18107472276668754,,0.10477391973453404,,0.08054489057523916,43,2,V43,600,equal,300,300,0.792,0.843,NO_partial_2nd_layer,3.85,37.76,straight,6.0x2,45,middle_back
37.683125,37.374695833333334,-0.03315078039549165,0.2377613114233468,0.33652889733984176,38.364,0.017522213089121882,0.05791010127079944,0.16424062127384984,1.3808041666666675,,0.1445965472569346,,0.15484830423726728,,0.046757857888390424,43,3,V43,600,equal,300,300,0.792,0.843,NO_partial_2nd_layer,3.85,37.76,straight,6.0x2,45,middle_back
38.015,37.28424166666667,-0.04136678067327534,0.26470629130661183,0.36906017130251434,38.747,0.005249396063592639,-0.05344487789599418,-0.15531983809264277,1.4088958333333341,,0.09554088179228021,,0.14500800330888583,,0.07067479633147784,43,4,V43,600,equal,300,300,0.792,0.843,NO_partial_2nd_layer,3.85,37.76,straight,6.0x2,45,middle_back
37.76225,37.445975,-0.021786176843348735,0.26575125546995576,0.35967967501548775,38.283,0.0024718621691349834,0.05308080518361304,0.15254696766339476,1.3605583333333318,,0.17714586965428725,,0.05918294283567803,,0.047710250348880774,43,5,V43,600,equal,300,300,0.792,0.843,NO_partial_2nd_layer,3.85,37.76,straight,6.0x2,45,middle_back
37.72525,37.37739166666667,-0.030273122797269812,0.26752445548274684,0.39506648452716564,38.744,0.010235341076098355,0.04939832141788547,0.14113251572762198,1.3428875000000016,,0.14126853207268736,,0.10150459010787373,,0.12236798221209125,43,6,V43,600,equal,300,300,0.792,0.843,NO_partial_2nd_layer,3.85,37.76,straight,6.0x2,45,middle_back
37.841375,37.33640416666667,-0.03177638153440111,0.24834035547286318,0.35452911194059794,38.138,0.03082689807122092,-0.055537890051539404,-0.15829869308041222,1.5023041666666668,,0.13882264887009477,,0.15858453617225943,,0.12423366355589792,43,7,V43,600,equal,300,300,0.792,0.843,NO_partial_2nd_layer,3.85,37.76,straight,6.0x2,45,middle_back
37.64925,37.3204875,-0.03187409850865504,0.28368530573884526,0.41014398431052085,38.211,0.0025975800286694973,-0.049139780693846107,-0.13793983898848203,1.2218374999999995,,0.1577235263624364,,0.09306303120785651,,0.11402658909077504,43,8,V43,600,equal,300,300,0.792,0.843,NO_partial_2nd_layer,3.85,37.76,straight,6.0x2,45,middle_back
37.759249999999994,37.292325000000005,-0.033138040590981,0.2911860129980566,0.42007385284138316,38.282,-0.01232881502780857,-0.04984808525060825,-0.1457219078144763,1.5103291666666685,,0.14538178519297804,,0.1457138246304047,,0.03354153362032871,43,9,V43,600,equal,300,300,0.792,0.843,NO_partial_2nd_layer,3.85,37.76,straight,6.0x2,45,middle_back
37.67275,37.44729583333333,-0.021451021719126922,0.2627649123683093,0.35415427576979114,38.261,0.006258781363523187,0.051982666993704574,0.144919972274558,1.3200333333333347,,0.12159077456602944,,0.1697491315409337,,0.11990412423322043,43,10,V43,600,equal,300,300,0.792,0.843,NO_partial_2nd_layer,3.85,37.76,straight,6.0x2,45,middle_back
37.72987500000001,37.34847916666668,-0.032955061719821606,0.27584318921627937,0.39998111357086474,38.278,0.009724574113157936,-0.029316578006558475,-0.08172303685681578,0.9289749999999977,,0.16995703392655886,,0.11929697863918057,,0.12368943889534818,44,1,V44,600,equal,300,300,0.792,0.843,NO_partial_2nd_layer,3.85,37.76,straight,6.0x2,60,middle_back
37.7785,37.33031666666667,-0.03283572284241013,0.2754149472730926,0.39009929001081967,38.322,0.004032751762693816,-0.029628296626791627,-0.08327751730296944,1.0068708333333323,,0.15123343025424177,,0.17330003801113353,,0.0904744530908723,44,2,V44,600,equal,300,300,0.792,0.843,NO_partial_2nd_layer,3.85,37.76,straight,6.0x2,60,middle_back
37.687875,37.415066666666675,-0.028216357922881106,0.2745617443797735,0.3936520244047925,38.503,-0.019069157259329207,0.030297052742508837,0.08889578512888384,0.9605750000000022,,0.141706051007539,,0.1892884085003197,,0.2060666810857286,44,3,V44,600,equal,300,300,0.792,0.843,NO_partial_2nd_layer,3.85,37.76,straight,6.0x2,60,middle_back
37.596375,37.3752875,-0.028406885536206218,0.2536756845948833,0.3530738185407013,38.384,-0.02588435028952014,-0.02937178602338566,-0.08225247258438262,1.0263083333333327,,0.13262769994512696,,0.11660755703795132,,0.09831355386439286,44,4,V44,600,equal,300,300,0.792,0.843,NO_partial_2nd_layer,3.85,37.76,straight,6.0x2,60,middle_back
37.878125,37.52227500000001,-0.020404882029202223,0.2778720041898162,0.3721793275866418,38.349,0.001935651287587482,0.03190074051362705,0.09049599484857265,0.9666333333333341,,0.10639135102817156,,0.12723530001644484,,0.10155347917568543,44,5,V44,600,equal,300,300,0.792,0.843,NO_partial_2nd_layer,3.85,37.76,straight,6.0x2,60,middle_back
37.602375,37.280525000000004,-0.03504860153822229,0.26279793624147546,0.3501358612580438,38.388,-0.0010256754578208717,-0.029923992013288814,-0.08437520211262187,1.0342416666666665,,0.1461418546470818,,0.13947551505373093,,0.11014517075406761,44,6,V44,600,equal,300,300,0.792,0.843,NO_partial_2nd_layer,3.85,37.76,straight,6.0x2,60,middle_back
37.726875,37.21505,-0.03934219691313979,0.2880319777313567,0.4061897293560112,38.629,0.02608471902785479,-0.029079978078175545,-0.08848222804654265,1.1578458333333366,,0.1625463804343398,,0.10178570954250024,,0.09572731368727612,44,7,V44,600,equal,300,300,0.792,0.843,NO_partial_2nd_layer,3.85,37.76,straight,6.0x2,60,middle_back
37.77075000000001,37.335474999999995,-0.03440928488341872,0.2692954379662467,0.37749336218498425,38.211,-0.011427575343992382,0.03299605136569754,0.09043525648635065,1.0243833333333345,,0.11964920561296509,,0.17849404598844132,,0.10482528974396157,44,8,V44,600,equal,300,300,0.792,0.843,NO_partial_2nd_layer,3.85,37.76,straight,6.0x2,60,middle_back
37.644375000000004,37.345754166666666,-0.033563551450545195,0.2746239912992159,0.381475943405989,38.437,-0.009651072851514576,-0.026911959022912792,-0.0821592123536974,0.9322000000000017,,0.1880724968609128,,0.18009251230695708,,0.09103662297647426,44,9,V44,600,equal,300,300,0.792,0.843,NO_partial_2nd_layer,3.85,37.76,straight,6.0x2,60,middle_back
37.65875,37.230241666666664,-0.0370486293164805,0.27039179987092143,0.38046428364526835,38.201,-0.0037958345268268266,-0.028725712247027305,-0.08622755648948197,1.0292833333333338,,0.09384517452282458,,0.10467608903853766,,0.10338659483934326,44,10,V44,600,equal,300,300,0.792,0.843,NO_partial_2nd_layer,3.85,37.76,straight,6.0x2,60,middle_back
37.66225,37.260291666666674,-0.036281824337227916,0.28917084741641524,0.41808492961143773,38.315,-0.013663482792324043,-0.008828570671021684,-0.02815278957733261,0.7850958333333331,,0.162256596826925,,0.14144104923980616,,0.1380169471762284,45,1,V45,600,equal,300,300,0.792,0.843,NO_partial_2nd_layer,3.85,37.76,straight,6.0x2,75,middle_back
37.5735,37.19663333333334,-0.03877802045174249,0.25573394367710367,0.36698718525618823,38.266,-0.02608329022587141,0.01195569019962665,0.03198831280033135,0.8399458333333314,,0.13719123212504428,,0.1351604728824082,,0.10695746976419786,45,2,V45,600,equal,300,300,0.792,0.843,NO_partial_2nd_layer,3.85,37.76,straight,6.0x2,75,middle_back
37.74525,37.26572083333334,-0.03830445320231211,0.25740674988929135,0.36834587279942255,38.421,0.012732861036032153,-0.011577374479430897,-0.03165444225272736,1.0246208333333335,,0.14998421660620526,,0.1405559680157773,,0.1285948010831654,45,3,V45,600,equal,300,300,0.792,0.843,NO_partial_2nd_layer,3.85,37.76,straight,6.0x2,75,middle_back
37.839875,37.32868750000001,-0.03237765586208104,0.2616122000847743,0.36762961167560104,38.268,-0.010436460169194408,-0.011142604791791952,-0.03155954419599551,1.0435916666666643,,0.19857899938580434,,0.12059269081941475,,0.13431196020808694,45,4,V45,600,equal,300,300,0.792,0.843,NO_partial_2nd_layer,3.85,37.76,straight,6.0x2,75,middle_back
37.875,37.32765833333333,-0.03769158492334834,0.2771301259155103,0.37719136570159245,38.512,0.004605953590644826,0.01182981982150851,0.031764918370478006,0.8664916666666649,,0.12470798323905972,,0.14510749369748083,,0.14911502054163767,45,5,V45,600,equal,300,300,0.792,0.843,NO_partial_2nd_layer,3.85,37.76,straight,6.0x2,75,middle_back
37.697375,37.300762500000005,-0.032946526849423466,0.26353800569598873,0.36109623307333044,38.169,-0.012387763105013574,0.010745008491725352,0.0296628740617192,0.9462666666666664,,0.13288734268803423,,0.14441937925482923,,0.14838027144278568,45,6,V45,600,equal,300,300,0.792,0.843,NO_partial_2nd_layer,3.85,37.76,straight,6.0x2,75,middle_back
37.713,37.5287875,-0.02124152502647716,0.2733618040950034,0.37521670725842915,38.511,0.011591805370996423,0.011520034117639263,0.030284037601691696,0.9039874999999995,,0.12402312080600801,,0.13277285294661734,,0.11938959368669833,45,7,V45,600,equal,300,300,0.792,0.843,NO_partial_2nd_layer,3.85,37.76,straight,6.0x2,75,middle_back
37.751875,37.274479166666666,-0.039071973471760994,0.27227491443010193,0.37873125014003783,38.279,-0.028203801648416585,0.009025425336812179,0.02877020651542688,1.4793000000000003,,0.11603483514339619,,0.2326942966438029,,0.18560105567717508,45,8,V45,600,equal,300,300,0.792,0.843,NO_partial_2nd_layer,3.85,37.76,straight,6.0x2,75,middle_back
37.839875000000006,37.4815625,-0.02101223632354702,0.2732679216442914,0.3836629175586608,38.241,0.005266706999336052,-0.011976657042160289,-0.03200951114060767,0.9526500000000002,,0.11998421628313258,,0.11468726695927588,,0.0911915079608417,45,9,V45,600,equal,300,300,0.792,0.843,NO_partial_2nd_layer,3.85,37.76,straight,6.0x2,75,middle_back
37.720124999999996,37.43659583333333,-0.02713975242625721,0.25733659103970796,0.3657522997465285,38.273,-0.009859693105683985,-0.00948755209146481,-0.02850777437763632,0.8475875000000013,,0.1695816786190833,,0.1412549195520329,,0.11615820875944605,45,10,V45,600,equal,300,300,0.792,0.843,NO_partial_2nd_layer,3.85,37.76,straight,6.0x2,75,middle_back
37.738625,37.29248333333333,-0.03678374277331112,0.2570193862343067,0.35683188733057397,38.416,0.01286903217700454,0.0578370999422996,0.16170782292031877,1.3120166666666666,,0.11085205768450336,,0.15403708654963066,,0.09357674935124666,46,1,V46,600,equal,300,300,0.792,0.843,NO_partial_2nd_layer,3.85,37.76,straight,9.0x2,45,middle_back
37.737750000000005,37.26932083333333,-0.031497682251427586,0.2890135129375063,0.4096368582641646,38.409,-0.00343337716368009,-0.047556063732148296,-0.139476977625308,1.357779166666667,,0.0981374937769655,,0.1351958010995997,,0.14035873005962754,46,2,V46,600,equal,300,300,0.792,0.843,NO_partial_2nd_layer,3.85,37.76,straight,9.0x2,45,middle_back
37.817750000000004,37.28700833333333,-0.03753642945189964,0.2623387492245926,0.3478014029580411,38.149,-0.0014930118165048106,-0.051616591603278764,-0.14530678310814957,1.2243916666666657,,0.1031570244620019,,0.19396681444531247,,0.12167877981273177,46,3,V46,600,equal,300,300,0.792,0.843,NO_partial_2nd_layer,3.85,37.76,straight,9.0x2,45,middle_back
37.703250000000004,37.378345833333334,-0.034758183301793276,0.26494013727103927,0.37342428223224783,38.944,-0.015415370508918749,-0.05548742487422191,-0.1578812411996116,1.2133791666666678,,0.14233642218890216,,0.15515305234196652,,0.0904253649219082,46,4,V46,600,equal,300,300,0.792,0.843,NO_partial_2nd_layer,3.85,37.76,straight,9.0x2,45,middle_back
37.686125000000004,37.27564583333333,-0.03629424469174875,0.2658797737699816,0.3846689115955656,38.189,-0.015088667272111311,0.051955764623777885,0.14239376058211248,1.440095833333336,,0.166968344552761,,0.14302272366956592,,0.04977599561058943,46,5,V46,600,equal,300,300,0.792,0.843,NO_partial_2nd_layer,3.85,37.76,straight,9.0x2,45,middle_back
37.763625000000005,37.399300000000004,-0.02860078126356287,0.2549268492015037,0.357908902413419,38.867,0.005488943759503018,-0.0524689101501587,-0.15385649313694733,1.3072374999999976,,0.11189478284589541,,0.19172077188808767,,0.08366269236836808,46,6,V46,600,equal,300,300,0.792,0.843,NO_partial_2nd_layer,3.85,37.76,straight,9.0x2,45,middle_back
37.97225,37.3484375,-0.03241602458376105,0.25891808341321254,0.36756799957235614,38.404,-0.008593686285772995,0.05090052509854586,0.14374872829545002,1.3958499999999994,,0.09595631221749654,,0.19823047942428731,,0.13226605328198743,46,7,V46,600,equal,300,300,0.792,0.843,NO_partial_2nd_layer,3.85,37.76,straight,9.0x2,45,middle_back
37.75775,37.398537499999996,-0.031462084411187065,0.2639114860743284,0.39284213295240383,38.362,0.0044432393912336,0.05875600146288281,0.16425514229925423,1.453195833333334,,0.15268576315286717,,0.11345202171413676,,0.04751801191489656,46,8,V46,600,equal,300,300,0.792,0.843,NO_partial_2nd_layer,3.85,37.76,straight,9.0x2,45,middle_back
37.67525,37.37044583333333,-0.029733998854146685,0.27502873485459084,0.3897239823603086,38.371,0.0020552666740424126,0.056140407206585356,0.1605186990547035,1.4117958333333327,,0.10682094755478855,,0.1520633625408706,,0.04966442833713588,46,9,V46,600,equal,300,300,0.792,0.843,NO_partial_2nd_layer,3.85,37.76,straight,9.0x2,45,middle_back
37.778,37.45065833333333,-0.024902237886074232,0.27608203521223745,0.39973051591747216,38.319,0.0034027577579321313,0.050976636459625066,0.14456405443066755,1.2984583333333344,,0.12958358519778237,,0.1449600814546077,,0.08006440581963549,46,10,V46,600,equal,300,300,0.792,0.843,NO_partial_2nd_layer,3.85,37.76,straight,9.0x2,45,middle_back
37.67875,37.25942083333334,-0.03930181773989052,0.26328817700172613,0.35171257045714654,38.223,-0.014894393942305928,-0.027074368810370057,-0.07958699685407754,0.9893125000000023,,0.15311582742996213,,0.1424793274034419,,0.09898849892334893,47,1,V47,600,equal,300,300,0.792,0.843,NO_partial_2nd_layer,3.85,37.76,straight,9.0x2,60,middle_back
37.54474999999999,37.287420833333336,-0.03543002135453689,0.2837150370203045,0.40787761208911016,38.357,-0.003999496795907132,-0.031795610789447815,-0.08712532379325469,0.9292750000000005,,0.10842550293478176,,0.1542687916997132,,0.08339136476879853,47,2,V47,600,equal,300,300,0.792,0.843,NO_partial_2nd_layer,3.85,37.76,straight,9.0x2,60,middle_back
37.79837500000001,37.3904375,-0.031173176617650074,0.2607255086918973,0.397088678269781,38.223,0.010849641373067409,-0.03220433519511247,-0.0890592098201809,0.9317166666666665,,0.1150807381169743,,0.11362937866810321,,0.1110610554777583,47,3,V47,600,equal,300,300,0.792,0.843,NO_partial_2nd_layer,3.85,37.76,straight,9.0x2,60,middle_back
37.765,37.350925000000004,-0.03224112918627009,0.25011119268111937,0.3390676238694657,38.391,-0.000805166140729168,0.029051483981570772,0.08225970264424019,0.9470666666666681,,0.10038635407407431,,0.12766701598252686,,0.10122582956854555,47,4,V47,600,equal,300,300,0.792,0.843,NO_partial_2nd_layer,3.85,37.76,straight,9.0x2,60,middle_back
37.723625,37.26355416666666,-0.039905390718589104,0.2592122938035875,0.3494305409217545,38.07,0.007219821331059528,0.028552725828909054,0.08473828915287651,0.8640791666666665,,0.17735036742071006,,0.15569764615640844,,0.13615873816874777,47,5,V47,600,equal,300,300,0.792,0.843,NO_partial_2nd_layer,3.85,37.76,straight,9.0x2,60,middle_back
37.561875,37.3939875,-0.021794319345820788,0.27354883014854614,0.38719403091114674,38.206,-0.002712031811492746,0.028602716866998633,0.0813111804097324,0.5963375000000006,,0.1196050375558451,,0.15251812941618684,,0.13382019527208025,47,6,V47,600,equal,300,300,0.792,0.843,NO_partial_2nd_layer,3.85,37.76,straight,9.0x2,60,middle_back
37.748875000000005,37.44863333333333,-0.02566167468185149,0.2604956147001898,0.37134743343396315,38.872,-0.008662343952325163,0.027897762463412724,0.0783204219080342,0.8428041666666672,,0.13173527769494078,,0.20336252796486304,,0.17308644714517454,47,7,V47,600,equal,300,300,0.792,0.843,NO_partial_2nd_layer,3.85,37.76,straight,9.0x2,60,middle_back
37.73925,37.43714583333334,-0.02385257035712425,0.2748178158922812,0.3739160232841314,38.597,-0.001725661737707124,0.027888068125239352,0.08343612601256414,0.933695833333335,,0.16560573607232593,,0.13361215745614285,,0.10474902495018934,47,8,V47,600,equal,300,300,0.792,0.843,NO_partial_2nd_layer,3.85,37.76,straight,9.0x2,60,middle_back
37.893625,37.45636666666666,-0.025478671504713554,0.27583914369811086,0.38468614604940393,39.479,-0.007897518422978464,0.030635748771664084,0.08869468964541903,0.9148583333333349,,0.1528392459329942,,0.09654086697313038,,0.14314716875076416,47,9,V47,600,equal,300,300,0.792,0.843,NO_partial_2nd_layer,3.85,37.76,straight,9.0x2,60,middle_back
37.764875,37.3423625,-0.026853434955468252,0.2529502534103944,0.34931022885575996,38.482,0.0046390059044110876,0.029532704023565625,0.08461221308148713,0.976304166666667,,0.17433152474516828,,0.18157634417411683,,0.10184209352488977,47,10,V47,600,equal,300,300,0.792,0.843,NO_partial_2nd_layer,3.85,37.76,straight,9.0x2,60,middle_back
37.865375,37.3942125,-0.03260233337384375,0.26263934219919555,0.3613059355719165,38.568,-0.005276841724783301,-0.011522617791178422,-0.03170274062719758,0.788212500000002,,0.1280872015781739,,0.14060048016531373,,0.15777616602324201,48,1,V48,600,equal,300,300,0.792,0.843,NO_partial_2nd_layer,3.85,37.76,straight,9.0x2,75,middle_back
37.711625,37.28952916666667,-0.033796506883801106,0.2688934341170595,0.3720126476906953,38.366,0.014253865206178438,-0.011571771246093066,-0.03217183480823674,0.8977291666666662,,0.13211512714288565,,0.15634798720227874,,0.11465173553322293,48,2,V48,600,equal,300,300,0.792,0.843,NO_partial_2nd_layer,3.85,37.76,straight,9.0x2,75,middle_back
37.945125,37.31922083333334,-0.03627326516085314,0.2636052026698138,0.4016912051162965,38.605,0.015358290066744263,-0.011046477525444274,-0.03171401487388474,0.6937166666666652,,0.14422595984466596,,0.12482053330506869,,0.1581547046925691,48,3,V48,600,equal,300,300,0.792,0.843,NO_partial_2nd_layer,3.85,37.76,straight,9.0x2,75,middle_back
37.693625,37.367241666666665,-0.03342090661296157,0.26178727889113157,0.36476545453220155,38.303,-0.004626354751514684,0.011460359901848549,0.031638134065776105,0.7211916666666678,,0.1485890795719294,,0.14285974157413633,,0.11711681944538885,48,4,V48,600,equal,300,300,0.792,0.843,NO_partial_2nd_layer,3.85,37.76,straight,9.0x2,75,middle_back
37.593125,37.22405,-0.04283441726418822,0.25753293744445627,0.36777897787806973,38.221,-0.0017638092447766192,0.009914713442811536,0.03017826360154302,0.8149583333333315,,0.15443995983222616,,0.13141186206558986,,0.1807025638897386,48,5,V48,600,equal,300,300,0.792,0.843,NO_partial_2nd_layer,3.85,37.76,straight,9.0x2,75,middle_back
37.792625,37.438379166666664,-0.023525453566902263,0.24124515598329935,0.3316947858534153,38.309,0.01900240984886309,0.009524808181410148,0.02921798274600389,0.9003291666666655,,0.09947629589439835,,0.15452930711773236,,0.1137406436455246,48,6,V48,600,equal,300,300,0.792,0.843,NO_partial_2nd_layer,3.85,37.76,straight,9.0x2,75,middle_back
37.808625,37.376137500000006,-0.02592164100071143,0.27181652775071247,0.38541524636927776,38.506,0.0010299017339560994,-0.010286239902187876,-0.03053898539428568,0.8139000000000003,,0.14274410474711102,,0.2173656305956652,,0.12221843553515657,48,7,V48,600,equal,300,300,0.792,0.843,NO_partial_2nd_layer,3.85,37.76,straight,9.0x2,75,middle_back
37.4715,37.23820833333333,-0.035637132589107556,0.2630486687766407,0.365871236237937,38.241,-0.0010160290681078782,-0.010802699717987406,-0.029079882491685187,0.7154041666666675,,0.14174184507172988,,0.15182575590059838,,0.11904380256637166,48,8,V48,600,equal,300,300,0.792,0.843,NO_partial_2nd_layer,3.85,37.76,straight,9.0x2,75,middle_back
37.73775,37.20622916666667,-0.04024968836264487,0.25782785938735703,0.36659764977435916,38.121,0.015890800715334382,0.008744485096309026,0.02700972071709553,0.8221208333333312,,0.13245219764389699,,0.1134205594837673,,0.21668610881692857,48,9,V48,600,equal,300,300,0.792,0.843,NO_partial_2nd_layer,3.85,37.76,straight,9.0x2,75,middle_back
37.843125,37.45147083333333,-0.03186838313165114,0.26324861496348356,0.39345830697869855,38.542,0.002895269082714044,0.010940375736480504,0.02831161365560816,0.8087666666666653,,0.1550324419493494,,0.15916428336423155,,0.1424690411100887,48,10,V48,600,equal,300,300,0.792,0.843,NO_partial_2nd_layer,3.85,37.76,straight,9.0x2,75,middle_back
